мокрый снег	22206
мокрого снега	9033
мокрое лицо	7600
мокрой тряпкой	7581
мокрой траве	7264
мокрым снегом	7001
мокрые волосы	6580
мокрое место	4578
мокрой земле	4570
мокрым полотенцем	4554
мокром месте	4403
мокрую землю	4180
мокрый песок	3979
мокрую одежду	3889
мокрыми волосами	3477
мокрым способом	3454
мокрые глаза	3436
мокрую траву	3331
мокрое полотенце	3225
мокрую тряпку	3060
мокрая курица	2874
мокрыми глазами	2843
мокрые руки	2801
мокром песке	2691
мокрый лоб	2636
мокрые следы	2484
мокром асфальте	2462
мокрый асфальт	2454
мокрой одежде	2272
мокром состоянии	2251
мокрое белье	2247
мокрого места	2153
мокрому асфальту	2133
мокрой земли	2109
мокрыми губами	2038
мокрое платье	1985
мокрыми руками	1936
мокрым лицом	1918
мокрое дело	1892
мокрые листья	1830
мокрое пятно	1745
мокрые губы	1743
мокрое тело	1602
мокрому песку	1595
мокрой очистки	1590
мокрый платок	1572
мокрому снегу	1572
мокрые ноги	1551
мокрой глине	1534
мокрыми ногами	1526
мокрыми тряпками	1524
мокрые щеки	1518
мокром снегу	1516
мокрого песка	1507
мокрая земля	1498
мокрый ветер	1481
мокрого обогащения	1450
мокрым песком	1448
мокрая трава	1423
мокрой одежды	1412
мокрым носом	1402
мокрой травы	1401
мокрого озоления	1395
мокрой рукой	1353
мокрая одежда	1338
мокрой землей	1315
мокрого термометра	1297
мокрого помола	1287
мокрых волос	1279
мокрый след	1236
мокрого сжигания	1206
мокрой глины	1186
мокрую голову	1183
мокрой дороге	1166
молодой демократии	1142
мокрой головой	1136
мокрая тряпка	1135
мокрой курицей	1122
мокрым путем	1116
мокрый нос	1108
мокрые усы	1104
мокрый плащ	1098
мокрого прядения	1092
мокрому способу	1083
мокрой мостовой	1066
мокрые ветки	1041
мокрые тряпки	1027
мокрыми хлопьями	1016
мокрым платком	1014
мокрые пятна	1012
мокрые сапоги	1010
мокром виде	999
мокрыми пальцами	977
мокрые камни	966
мокрым обработкам	961
мокрые крыши	933
мокрые деревья	931
мокрой травой	926
мокрого белья	913
молодых демократов	913
мокрую руку	910
мокрые хлопья	878
мокрые кусты	867
мокрым бельем	857
мокрого способа	831
мокрый способ	823
мокрыми листьями	816
мокрой гнили	812
мокрой губкой	798
мокрых дел	789
мокрой головни	778
мокрых листьев	774
мокрую курицу	756
мокрому лицу	754
мокрую глину	750
мокрую погоду	750
мокрым улицам	745
мокрого асфальта	736
мокрым камням	735
мокром плаще	718
мокрые ветви	714
мокром способе	706
мокрому полу	701
мокрого измельчения	687
мокрые доски	686
мокрому лбу	680
мокрой палубе	675
мокрого сожжения	671
мокрые ресницы	656
мокрые штаны	655
мокрой шинели	651
мокрые простыни	649
мокрой глиной	642
мокрой ладонью	639
мокрой щекой	637
мокрые спины	630
мокрую простыню	622
мокрый луг	617
мокрую щеку	610
мокрый лес	606
мокрые портянки	602
мокрую рубашку	598
мокрый пол	596
мокрые стены	589
мокрое пальто	583
мокрой шерстью	580
мокрые лица	572
мокрые пальцы	572
мокрые курицы	571
мокрую бороду	561
мокрых процессов	557
мокрыми ресницами	556
мокрых штанах	556
мокрой листве	556
мокрых камнях	552
мокрых местах	551
мокрых деревьев	550
мокрый сад	546
мокрых лугах	542
мокрая глина	539
мокрую рубаху	530
мокрая погода	530
мокрой спине	527
мокрыми полотенцами	523
мокрым доскам	515
мокрая голова	512
мокрой обработки	511
мокрое небо	511
мокрых солончаках	506
мокрых золоуловителей	506
мокрая листва	506
мокрых досках	505
мокрая гниль	501
мокрыми ладонями	501
мокрые ботинки	490
мокрой шерсти	487
мокрый туман	484
мокрой гнилью	483
мокрых сапогах	482
мокрой сепарации	481
мокрому лугу	481
мокрые луга	480
мокрых лавин	477
мокрую шею	477
мокрым волосам	474
мокрая смородина	474
мокрым деревом	473
мокрые пряди	471
мокром платье	470
мокрую спину	470
мокрую шинель	469
мокрый мешок	451
мокрой листвы	448
мокрой одеждой	447
мокрыми усами	444
мокрых солончаков	442
мокрого дела	436
мокрыми прядями	434
мокрый лист	433
мокрые люди	430
мокрым ветром	430
мокрую ладонь	429
мокрых веток	428
мокрый снежок	428
мокрого лица	427
мокрой гальке	427
мокрой тряпки	427
мокрой пылью	426
мокрые пеленки	425
мокрый рот	424
мокрой газоочистки	422
мокрым ртом	422
мокрые ладони	420
мокрых глаз	419
мокрые брюки	416
мокрому тротуару	408
мокрое стекло	408
мокрой головней	407
мокрый камень	405
мокрому телу	402
мокрые полотенца	402
мокрыми пятнами	401
мокрыми крышами	397
мокрым щекам	395
мокрому термометру	394
мокрым пальцем	393
мокрые солончаки	393
мокрого типа	390
мокрую шапку	386
мокрые плечи	381
мокрые сети	381
мокрой тряпочкой	380
мокрые дела	380
мокрой листвой	379
мокрых условиях	379
мокрой химии	379
мокрой щеке	378
мокрыми боками	378
мокрых листьях	377
мокрой стене	377
мокрым веником	376
мокром снеге	376
мокрое лето	371
мокрой поверхности	370
мокрым рукавом	370
мокрую ткань	369
мокрым асфальтом	366
мокрый мох	363
мокрые поля	361
мокрые стекла	361
мокрых кустах	354
мокрые дорожки	352
мокрой кожей	351
мокрой зелени	350
мокрого ветра	349
мокрые чулки	349
мокрые места	348
мокрым хвостом	348
мокрые стволы	347
мокрых камней	345
мокрый подол	344
мокрого самоизмельчения	344
мокрого тушения	343
мокрой пеленой	343
мокрая рубашка	342
мокрых валенках	341
мокром лугу	340
мокрой простыней	340
мокрой бумаги	337
мокром помоле	337
мокрое окно	335
мокрого дерева	333
мокрому делу	333
мокрая осень	333
мокрому белью	333
мокрой тканью	330
мокрые валенки	329
мокрый день	329
мокрой части	326
мокрой курицы	326
мокрым брезентом	324
мокрого луга	324
мокрых кустов	322
мокрые бока	322
мокрой шваброй	320
мокрое время	320
мокрую палубу	319
мокрой бумаге	319
мокрой улице	317
мокрых крыш	317
мокрого просеивания	316
мокрые процессы	313
мокрых трусах	310
мокрой погоды	309
мокрой соломой	309
мокрым методом	308
мокрую шляпу	308
мокрый куст	307
мокрых ветвей	306
мокрыми сапогами	305
мокрого протравливания	305
мокрую листву	304
мокрые носки	302
мокрая собака	299
мокрых долах	298
мокрой обуви	298
мокрую улицу	297
мокрым петухом	295
мокрые бревна	294
мокрыми простынями	293
мокрую гальку	293
мокрых пылеуловителей	292
мокрую фуражку	291
мокрымъ путемъ	291
мокрые галки	289
мокрой соломе	288
мокрого формования	287
мокрыми щеками	287
мокрых бревен	287
мокром тротуаре	287
мокрого пылеулавливания	285
мокрой ватой	284
мокрую куртку	282
мократической партии	282
мокрый помол	281
мокрого бурения	280
мокрый брезент	279
мокрых грунтах	277
мокрый зонтик	276
мокрый тротуар	275
мокрого размола	275
мокрое обогащение	275
мокрых забоях	275
мокрой бородой	275
мокрую дорогу	273
мокрые шинели	273
молодых демократий	272
мокрой штукатурки	272
мокрой рубахе	272
мокрая спина	270
мокрыми лугами	269
молодая демократия	268
мокрые ступени	268
мокрого лба	267
мокрого катализа	267
мокрой почве	267
мокрым делам	267
мокрую скамейку	266
мокрых ног	266
мокрая метель	266
мокрому стеклу	265
мокрыми носами	265
мокрый человек	264
мокрых рук	264
мокрые комья	264
мокрой грязи	264
мокрого платья	262
мокрому камню	261
мокрому шоссе	261
мокрому полю	261
мокрую бумагу	261
мокрые туфли	261
мокрую шерсть	258
мокрой спиной	257
мокрый рукав	257
мокрому месту	256
мокрой щеткой	255
мокром измельчении	255
мократической революции	255
мокрой соломы	254
Молодые демократы	254
мокрыми головами	254
мокром грунте	253
мокрый язык	253
мокрых губ	253
мокрым местам	253
мокрыми опилками	252
мокрый воздух	252
мокрое сено	252
мокрой шее	251
мокрую обувь	250
мокрой сирени	250
мокром лесу	250
мокрыми деревьями	250
мокрый пиджак	249
мокрого леса	248
мокрой голове	246
мокрыми метлами	246
молодые демократы	246
мокрого окисления	246
мокрую морду	245
мокрый картуз	245
мокрой тьме	244
мокрым сжиганием	243
мокрую прядь	243
мокрых тряпок	243
мокрой дорожке	242
мокрое бревно	242
мокрых работах	242
мокрые трусы	242
мокрое поле	241
мокрого полотенца	241
мокрые вещи	241
мокрую солому	241
мокрых почвах	241
мокрой пыли	240
мокрая дорога	239
мокрых штанов	238
мокрым листьям	238
мокрой рубашке	236
мокрый купальник	235
мокрые дрова	235
мокрыми штанами	234
мокрые снежинки	234
мокрый комок	234
мокрое бурение	233
мокром белье	232
мокрую тряпочку	232
мокрой груди	232
мокрый хлеб	232
мокрой тряпицей	231
мокрому трению	231
мокрым стеклом	230
мокрый канат	230
мокрой кожи	230
мокрые полосы	228
мокрых трав	228
мокрым глазам	226
мокрым языком	225
мокрых лугов	225
мокрым помолом	225
мокрый булыжник	225
мокрым подолом	224
мокром деле	224
мокрое озоление	224
мокрое дерево	223
мокрых ладонях	223
мокрого хлеба	222
мокрую стену	222
мокрой очистке	221
мокрые тротуары	220
мокрого хранения	220
мокрым лугом	220
мокром камне	219
мокрых спин	218
мокрые лавины	218
мокрая рубаха	218
мокрый гравий	218
мокрых ботинках	217
мокрые перья	217
мокрых куриц	216
мокрыми спинами	216
мокрая вата	215
мокрые улицы	215
мокрых пеленках	214
мокрой скамейке	214
мокрый невод	214
мокрой грязью	214
мокрой головне	213
мокрые тела	213
мокрой брусчатке	212
мокрые головы	212
мокрой мгле	212
мокром пальто	211
мокрого грохочения	210
мокрым мешком	210
мокрое просеивание	209
мокрой тундре	209
мокрые весла	208
мокрыми ветками	208
мокром обогащении	208
мокрое тряпье	207
мокрыми заборами	207
мокроразрядное напряжение	207
мокрым ступенькам	207
мокрым способами	206
мокрые леса	206
мокрые колени	206
мокрый блеск	206
мокрая пыль	205
мокрая подушка	205
мокрая шерсть	205
мокрых сапог	205
мокрыми стеклами	204
мокрые цветы	204
мокрых волосах	203
мокрая траншея	202
мокрый конец	202
мокрую подушку	202
мокрых обработок	201
мокрой корой	201
мокрых плащах	200
мокрой рубахой	200
мокрые тучи	200
мокрым лугам	200
мокрую салфетку	199
мокрые сучья	199
мокрых щек	198
мокрой классификации	198
мокрый хвост	198
мокрая отъ	197
мокрую гниль	197
мокрой ваты	197
мокрая вся	195
мокрые лошади	195
мокрую тряпицу	195
мокрых пятен	195
мокрым зонтиком	195
мокрыми ветвями	194
мокрое шоссе	194
мократической Республики	194
мокрым блеском	194
мокрых золоуловителях	193
мокрое дно	192
мокрых пятнах	191
мокрой тряпке	191
мокрую мостовую	191
мокрые травы	191
мокрого термометров	191
мокрого плаща	191
мокрую доску	191
мокрыми крыльями	190
молодую демократию	190
мокрых стен	190
мокрой доске	189
мокрой древесины	189
мокрыми лицами	189
мокром тумане	188
мокрых гнилей	188
мокрую грязь	188
мокры отъ	188
мокрая бумага	187
мокрую скамью	186
мокрой ткани	186
мокрым кустам	186
мокрые рубахи	185
мокрая очистка	184
мокрую сеть	184
мокрую поверхность	184
мокрую веревку	184
мокрым лесом	184
мокрой скатертью	183
мокрый метод	183
мокрым небом	183
мокрую грудь	182
мокрых шинелях	182
мокрой салфеткой	182
мокрых мест	182
мокрая губка	182
мокроразрядного напряжения	182
мокрым бокам	182
мокрые мешки	182
мокром воздухе	181
мокрая ворона	181
мокрого посола	181
мокрой зеленью	180
мокрых брюках	180
мокрую тьму	179
мокрая улица	179
мокрый сахар	179
мокрых цветов	178
мокрым озолением	178
мокрой коры	178
мокроразрядных напряжений	177
мокром бурении	176
мокрых скалах	175
мокрой ладони	175
мокрый петух	175
мокрыми лапами	175
мокрую газету	175
молодого демократа	174
мокрого камня	174
мокрую ночь	174
мокрому помолу	174
мокрые скалы	173
мокрым тротуарам	173
мокрых досок	173
мокрой мешковиной	172
мокрых глазах	172
мокрой кистью	172
мокрую губку	172
мокрым губам	171
мокрого тела	171
мокрым спинам	169
мокрыми полами	168
мокрое протравливание	168
мокрого мха	167
мокрую кожу	167
мокрою повязкой	167
мокрым холодом	167
мокрых лошадей	167
мокрое сжигание	166
мокрый ствол	166
мокрых пеленок	166
мокрыми мешками	166
мокрых бульварах	165
мократических сил	165
мокрым пятном	165
мокрой веревкой	165
мокрого пятна	165
мокрые куры	165
мокрого откоса	165
мокрой крыше	165
мокрым делом	165
мокрой магн	165
мокрые полы	164
мокрой грануляции	164
мокрые хвосты	164
мокром стекле	164
мокрой головы	163
мокрых пальцев	163
мокрый сапог	163
мокрых ресниц	163
мокрый платочек	163
мокрой руки	162
мокрый ватник	162
мокрой тропинке	162
мокрые лбы	162
мокрая простыня	162
мокрого роста	162
мокрая прядь	161
мокрые отъ	161
мокрые носы	161
мокрый снегопад	161
мокрые плащи	160
мокрым снежком	160
мокрое железо	160
мокрому лету	160
мокрые крылья	160
мокрый чуб	160
мокрых ветвях	159
мокрых электрофильтров	159
мокрая мостовая	159
мокрая ветка	159
мокрых губах	159
мокрую вату	158
мокрые одежды	158
мокрыми шинелями	158
мокрой мордой	158
мокрое полотно	157
мокрой тропе	156
мокрые рельсы	156
мокрое утро	156
молодые демократии	156
мокрой платформе	156
мокром поле	155
мокрый халат	155
мокрое измельчение	155
мокрый пес	155
мокрый перрон	155
мокрой хвои	154
мокрый грунт	154
мокрой хвоей	154
мокрая головня	154
мокрого процесса	154
мокрым глазом	153
мокрого сада	153
мокрых шинелей	152
мокрый теленок	152
мокрая грязь	152
мокрую почву	152
мокрый воротник	152
мокрая ночь	152
мокрая весна	152
мокрый двор	151
мократическая партия	151
мокрый комочек	151
мокрый окурок	150
мокрой шапке	150
мокрою тряпкой	150
мокрые пылеуловители	150
мокрой бумагой	149
мокрым дорожкам	149
мокрые косы	149
мокрую зелень	148
мокрых ветках	148
мокрому стволу	148
мокрой осени	148
мокрое ведро	147
мокрой губки	147
мокрыми отъ	147
мокрых тротуарах	147
мокрому дереву	146
мокром бетоне	146
мокрой обработке	146
мокрыми стенами	146
мокрыми солончаками	146
мокрую кепку	145
мокрой рубашкой	145
мокрая солома	145
мокрое отъ	145
мокрой псиной	144
мокрые рукавицы	144
мокрые плавки	144
мокрых следов	144
мокрые штанишки	144
мокрыми воронами	143
мокрым плитам	142
мокрой постели	142
мокрой подушке	142
мокрых людей	142
мокрый город	141
мокрую полосу	141
мокрого грунта	141
мокрые золоуловители	141
мокрым солончакам	140
мокрой щеткою	140
мокрым крышам	140
мокрого волочения	140
мокрый зонт	140
мокром шоссе	139
мокрыми следами	139
мокрые доспехи	139
мокрой почвы	139
мокрым плащом	139
мокрую дорожку	139
мокрых окопах	139
мокрая рука	138
мокрому настилу	138
мокрые стебли	138
мокрые куски	138
мокрые годы	138
мокрой погоде	137
мокрым телом	137
мокрой плащ	137
мокрых мостовых	137
мокрой солью	137
мокрые опилки	137
мокрый подбородок	136
мократического централизма	136
мокрый волос	135
мокрыми делами	135
мокрых сетей	135
мокрых скал	134
мокрого сена	134
мокрая полоса	134
мокрой головою	134
мокрому льду	134
мокрую лысину	134
мокрую очистку	134
мокрая шинель	134
мокрая галька	133
мокрых комьев	133
мокрый кусок	133
мокрая борода	133
мокрая сеть	133
мокрых плитах	132
мокрой тресты	132
мокрому лесу	132
мокрый берег	132
мокрую кашу	131
мокрой панели	131
мокрое весло	130
мокром берегу	130
мокрых помещений	130
мокрый гранит	130
мокрыми курицами	130
мокрое плечо	129
мокрого прессования	129
мокрых крышах	129
мокрой крышей	129
мокрую марлю	129
мокрые поленья	128
мокрый май	127
мокрую телогрейку	127
мокрый процесс	127
мокрым туманом	127
мокрые плиты	127
мокром брезенте	127
мокрого пылеуловителя	127
мокрого метода	126
мокрых сосен	126
мокрых опилок	126
мокрым лбом	126
мокросоленого сырья	125
мокрой рубашки	125
мокрый солончак	125
мокрого пола	125
мокрое пятнышко	125
мокрая зелень	125
мокрая зима	125
мокрых полей	125
мокрыми хвостами	124
мокрой собаки	124
мокрому грунту	124
мокрого шлифования	124
мокрых выпадений	124
мокрую ветку	123
мокром мешке	123
мокрые рубашки	123
мокрым листом	123
мокрые клочки	123
мокрой марлей	122
мокрая кожа	122
мокрое болото	122
мокрыми ноздрями	122
мокрую осень	122
мокрый узел	122
мокрый край	122
мокрый дождь	121
мокрый полушубок	121
мокрую крышу	121
мокрый отъ	121
мокрые валуны	121
мокрый бетон	121
мокрых способов	121
мокрого рассева	121
мокрыми полями	121
мокрый кустарник	121
мокрой веревки	120
мокрые скрубберы	120
мокром льду	120
мокрой рубахи	120
мокрым режимом	120
мокрый лед	119
мокрых руках	119
мокрые прутья	119
мокрой отъ	119
мокрый холод	118
мокрых носках	118
мокрый мех	118
мокрой дорогой	118
мокрые облака	118
мокрой каше	118
мократическая Республика	117
мокрые электрофильтры	117
мокрый стол	117
мокрый парус	117
мокрой бороде	117
мокрым бревнам	117
мокрые рукава	117
мокрому методу	117
мокром купальнике	117
мокрой землею	116
мокрых газгольдеров	116
мокрый размол	116
мокрый пылеуловитель	116
мокрой штукатуркой	115
мокрою губкой	115
мокрые зонтики	115
мокрое месиво	115
мокрый палец	115
мокрой шерстке	115
мокрая вода	115
мокрое крыльцо	115
мокрой коже	115
мокрыми процессами	115
мокрой губой	114
мокрой веревочки	114
мокрой отделки	114
мокрый глаз	114
мокрыми веревочками	114
мокрым дорогам	114
мокрая штукатурка	113
мокрой скамье	113
мокрую юбку	113
мокрому измельчению	113
мокрые листы	113
мокрымъ полотенцемъ	113
мокрых кур	113
мокрого угла	113
мокрое одеяло	113
мокрыми подолами	112
мокрого платка	112
мокрые трусики	112
мокром ветру	112
мокрая огорожа	112
молодой демократ	112
мокрый запах	112
мокрый вечер	111
мокрых ресницах	111
мокрых цехах	111
мокром сжигании	111
мокрым процессом	111
мокрое грохочение	111
мокрых валенок	111
мокрые солонцы	111
мокрую майку	111
мокрого пальто	111
московских демократов	111
мокрыми рогожами	111
мокрой лестнице	111
мокрую темноту	111
мокрых травах	110
мокрых отходов	110
мокрой спины	110
мокрыми сетями	110
мокрые заросли	110
мокрые способы	110
мокрому обогащению	109
мокрые вороны	109
мокрой закладки	109
мокрой скуки	109
мокровоздушного насоса	108
мокрую губу	108
мокрый торф	108
мократического движения	108
мокрых ступеньках	108
мокром тушении	108
мокрым комком	108
мокрый ком	107
мокрой шлифовки	107
мокрой темноте	107
мокрая стена	107
мокрого человека	107
мокрыми платками	107
мокрой тьмы	107
мокрой собакой	106
мокрыми кустами	106
мокрыми стволами	106
мокрых одеждах	106
мокрым мхом	105
мокрого поля	105
мокрой штукатурке	105
мокрая тундра	105
мокрую ворону	105
мокрым платьем	105
мокрые окна	105
мокрую мешковину	105
мокрыми пеленками	104
мокрому мху	104
мокрой аллее	104
мокрую печать	104
мокрые лохмотья	104
мокрой горою	104
мокрая кошка	104
мокрые борта	103
мокрую пеленку	103
мокрым полям	103
мокром режиме	103
мокрые заборы	103
мокрого тумана	103
мокрую бурку	103
мокрую фигуру	102
мокрою листвой	102
мокрых дней	102
мокрого железа	102
мокрой золой	102
мокрых скрубберов	102
мокрый щенок	102
мокрых тел	102
мокрым железом	102
мокрых улиц	102
мокрым ступеням	102
мокрые мостовые	102
мокрых простынях	102
мокрым скалам	101
мокрым стенам	101
мокрые дни	101
мокрыми листами	101
мокрые отпечатки	101
мокрая степь	101
мокрой ладошкой	101
мокрых заборов	101
мокрой мочалкой	101
мократических организаций	101
мокрым скверам	101
мокрому термометрам	101
мокрыми косицами	100
мокром дождевике	100
мокрой коре	100
мокрыми клочьями	100
мокрых бревнах	100
мокрый хворост	99
мокрую косу	99
мокрому папоротнику	99
мокрой степи	99
мокрой сети	99
мокрый шлепок	99
мокрой палубы	99
мокрой юбкой	99
мокрых портянок	99
мокрому булыжнику	98
мокрой шинелью	98
мокрыми сосульками	98
мокрое яблоко	98
мокрых дорогах	98
мокрого тельца	98
мокрым травам	98
мокрых электрофильтрах	98
мокрого смешения	98
мокрые веревки	98
мокрые башмаки	98
мокрого брезента	97
мокрым чубом	97
мокрый шелк	97
мокрый затылок	97
мокрых мостках	97
мокрая мышь	97
мокрый прилавок	97
мокрый воробей	97
мокрой соли	97
мокром пиджаке	97
мокрая крыша	97
мокрыми досками	97
мокрых туфлях	96
мокрых пылеуловителях	96
мокрый бредень	96
мокрым сукном	96
мокрое обмундирование	96
мокрым мосткам	96
мокрых кровель	96
мокрым камнем	96
мокрую гимнастерку	96
мокрыми веревками	96
мокрыя галки	96
мокрого песку	95
мокрых подштанниках	95
мокрые веки	95
мокрым полом	95
мокрому размолу	95
мокрыми камнями	95
мокром перроне	95
мокрой минерализации	94
мокрые флаги	94
мокрых тротуаров	94
мокрому ветру	93
мокрые трубы	93
мокроразрядные напряжения	93
мокрым окном	93
мокрого улавливания	93
мократической Республике	93
мокрым полотном	93
мокрый скруббер	93
мокрых стволов	93
мокрого тротуара	93
мокрую шубу	93
мокрого электрофильтра	93
мокрые сосны	93
мокрый шкот	92
мокрую бумажку	92
мокрых делах	92
мокрых хлопьев	92
мокрые ноздри	92
мокрой лапой	92
мокрый суглинок	92
мокрые перила	92
мокрых берез	92
мокроты методом	92
мокрому берегу	92
мокрое мыло	92
мокром окопе	91
мокрый бурьян	91
мокрой прядью	91
мокрых скамейках	91
мокрый мир	91
мокрый год	91
мокрой овчиной	91
мокрого лета	91
мокрый веник	90
мокром методе	90
мокрая платформа	90
мокрая почва	90
мокрую темень	90
мокрый огонь	90
мокрые фигуры	90
мокрых стенах	90
мокрого мешка	89
мокрый лужок	89
мокрой руке	89
мокрым полем	89
мокрыми портянками	89
мокрое солнце	89
мокра шинель	89
мокрым рельсам	89
мокрые дома	89
мокрый порох	89
мокрой ваткой	89
мокрый электрофильтр	89
мокрою тряпкою	89
мокрыми мордами	89
мокрый я	89
мокрыми швабрами	88
мокрыми плечами	88
мокрым плечам	88
мокрой сиренью	88
мокрые ветры	88
мокрые канаты	88
мокрые тряпочки	88
мокрым тряпьем	88
мокрых тополей	88
мокрого снегопада	88
мокрые лапы	87
мокрому саду	87
мокрые очки	87
мокрому столу	87
мокрый песокъ	87
мокрые паруса	87
мокрый борт	87
мокрыми кудрями	87
мокрых ржах	87
мокрая гимнастерка	87
мокрой очисткой	86
мокрыми космами	86
мокром теле	86
мокрые собаки	86
мокроте методом	86
мокрое колесо	86
мокрыми комьями	86
мокрым стеклам	86
мокрых участках	86
мокрых методов	86
мокрых пятна	86
мокрый пудель	86
мокрый он	85
мокрый капюшон	85
мократических партий	85
мокрый флаг	85
мокрый бок	85
мокрую платформу	85
мокрых рельсах	85
мокрой вате	85
мокрому плечу	85
мокрых плащей	84
мокрую постель	84
мокрую брусчатку	84
мокрый Иван	84
мокрую собаку	84
мокрые фотографии	84
мокрых трусиках	84
мокрого солончака	84
мокрой ветке	84
мокрые кони	84
мокрым ногам	84
мокрые варежки	84
мокрые бабы	84
мокром булыжнике	83
мокрыя руки	83
мокрых лаптях	83
мокрой гривой	83
мокрых обработках	83
мокрые космы	83
мокром цементном	83
мокрую кучу	83
мокрыми травами	82
мокрые его	82
мокрый уголь	82
мокрыми валенками	82
мокрая дорожка	82
мокрые штанины	82
мокрых чулках	82
мокрых пальто	82
мокрого способов	82
мокросоленых шкур	82
мокрые онучи	82
мокрый холст	81
мокрые джинсы	81
мокрые тряпицы	81
мокрой вьюге	81
мокрых галках	81
мокрому городу	81
мокрого осаждения	81
мокренько будетъ	81
мокрым мостовым	81
молодых демократиях	81
мокрые щепки	81
мокрых ботинок	81
мокром ковре	81
мокрых рукавах	81
мокрой уборки	81
мокрые кудри	81
мокрый кулак	80
мокрого сукна	80
мокрую метель	80
мокрому навозу	80
мокрых спинах	80
мокрая сирень	80
мокром кулаке	80
мокрыми гумнами	80
мокрым зонтом	80
мокрых туч	80
мокрой дороги	80
мокрому болоту	80
мокрых операций	79
мокрые болота	79
мокром скруббере	79
мокрые снегопады	79
мокрые пальто	79
мокрому озолению	79
мокраго белья	79
мокрым рылом	79
мокрой ржи	79
мокрой улицы	79
мокрой ногой	79
мокрую повязку	79
мокрые брови	79
мокрая обувь	79
мокрого угля	79
мокрые кочки	79
мокром саду	78
мокрому зазимку	78
мокром процессе	78
мокрый круг	78
мокрого кручения	78
мокрую плащ	78
мокрый посол	78
мокрую пленку	78
мокрой челкой	78
мокрых солонцов	78
мокрой стены	78
мокрая птица	78
Молодая демократия	77
мокрым концом	77
мокрые лапти	77
мокрого пепла	77
мокрых образцов	77
мокрую отъ	77
мокрые были	77
мокрой гальки	77
мокрых простынь	77
мокрых зарослях	77
молодыми демократами	77
мокрой тундры	77
мокрым садом	77
мокрые зубы	76
мокрыми рукавами	76
мокрой куртке	76
мокрый угол	76
мокрые полоски	76
мокрую массу	76
мокрых тряпках	76
мокрых дров	76
мокрой крыши	76
мокрого полотна	76
мокрого носа	76
мокрый щит	76
мокрым задом	76
мокрая веревка	75
мокрым холстом	75
мокрый сарафан	75
мокрую портянку	75
мокрую мглу	75
мокрого льда	75
мокрой лошади	75
мокрые гнили	75
мокрыми перьями	75
мокрого обеспыливания	75
мокрый слой	75
мокрыми усиками	75
мокром листе	75
мокрые сумерки	75
мокрыми кожами	75
мокрую ногу	75
мокрая лошадь	75
мокраго снега	75
мокрый листок	75
мокрыми соснами	75
мокрые зонты	75
мокрою картошкой	74
мокрыми пряниками	74
мокрого золоуловителя	74
мокрою губкою	74
мокрого забора	74
мокрый поцелуй	74
мой демократизм	74
мокром бурьяне	74
мокрые дороги	74
мокрыми поцелуями	73
мокрая пурга	73
мокрая палуба	73
мокрое рванье	73
мокрых водорослей	73
мокрые методы	73
мокрая обработка	73
мокрой курице	73
мокрые шлепки	73
мокрый откос	73
мокрыя отъ	73
мокрому склону	72
мокрым обогащением	72
мокрый рассев	72
мокрую сорочку	72
мокрой рогожей	72
мокрого рассвета	72
мокрый способы	72
мокрые птицы	72
мокрой простыне	72
мокрые тарелки	72
мокрой майке	72
мокрым сожжением	72
мокрая метелица	72
мокрому двору	72
мокрые афиши	72
мокрому носу	72
Моя демократия	71
мокрому откосу	71
мокрых лесах	71
мокрые все	71
мокрая ладонь	71
мокрой шлифовке	71
мокрые скамейки	71
мокрых гимнастерках	71
мокрой простыни	71
мокрым одеялом	71
мокрые тополя	71
мокром сене	71
мокрый столб	71
мокрой веткой	71
мокрый табак	71
мокрыми гильзами	71
мокрыми облаками	70
мокрую телеграмму	70
мокрый костюм	70
мокрому гравию	70
мокрую прядку	70
мокрых берегах	70
мокрых стеклах	70
мокрый ковер	70
мокрой подушки	70
мокрой крапивой	70
мокрой галькой	70
мокраго платья	70
мокрый фильтр	70
мокрая часть	69
мокрым платочком	69
мокрый глянец	69
мокрый чулок	69
мокрыми зонтиками	69
мокрый локон	69
мокрого золоулавливания	69
мокром коне	69
мокрый пар	69
мокрым голосом	69
мокрой тяжестью	69
мокрые платки	69
мокрых брюк	69
мокрую гриву	69
мокрые пески	69
мокрые фильтры	69
мокрый стакан	69
мокрых полях	68
мокрыми одеялами	68
мокрая душонка	68
мокрой поверхностью	68
мокрый окоп	68
мокрого торфа	68
мокрой ложкой	68
мокрой провизии	68
мокрой темноты	68
мокрой кисточкой	68
мокрые пожни	68
мокрой рукавицей	68
мокромъ месте	68
мокрая тряпица	67
мокрой шляпой	67
мокром покрытии	67
мокрых цехов	67
мократическое движение	67
мокрый забор	67
мокрый платокъ	67
мокром носу	67
мокрыми веками	67
мокром костюме	67
мокрых грунтов	67
мокрую пыль	67
мокрые вихры	67
мокрые газеты	67
мокрую пилотку	67
мокрые ступни	67
мокрому перрону	67
мокрые ночи	67
мокрых сетях	67
мокрые кирпичи	67
мокрая ткань	67
мокрой клеенке	67
мокрого газгольдера	67
мокрый холодок	66
мокрого дробления	66
мокрыми способами	66
мокрого листа	66
мокрые камешки	66
мокрым боком	66
мокрые снега	66
мокренькое тельце	66
мокрой трав	66
мокрого тряпья	66
мокрой осокой	66
мокрому боку	66
мокрой известкой	66
мокрых полотенец	66
мокрую штанину	66
мокрой юбке	66
мокрых краев	66
мокрого окна	66
мокрую штукатурку	66
мокрой повязкой	66
мокрых балок	66
мокрые поручни	65
мокрый зад	65
мокрым столом	65
мокрую стенку	65
мокрым углом	65
мокрыми ушами	65
мокрой ночи	65
мокрое зерно	65
мокрых улицах	65
мокрые бумажки	65
мокром столбе	64
мокрой полосе	64
мокрой пашне	64
мокрый хруст	64
мокрая жижа	64
мокрыми методами	64
мокрому тюку	64
мокрую скатерть	64
мокрая конница	64
мокрую площадь	64
мокрой овчины	64
мокрую хвою	64
мокрые корни	64
мокрый дождевик	64
мокрый полог	64
мокрым навозом	64
мокрую одежу	64
мокрые березы	64
мокрой шляпе	64
мокрым кустом	64
мокрый бинт	64
мокрые холмы	64
мокрая крупа	64
мокрые булыжники	63
мокрых зонтиков	63
мокрыми дровами	63
мокрому сжиганию	63
мокром небе	63
мокрого котенка	63
мокрый плетень	63
мокрыми брезентами	63
мокрый носик	63
мокрая шапка	63
мокрый ил	63
мокром полотенце	63
мокрыми плетьми	63
мокрой варежкой	63
мокрыми золоуловителями	63
мокрых ладоней	63
мокрая полоска	63
мокрые листочки	63
мокрые воробьи	62
мокрые клочья	62
мокрую шкуру	62
мокрых газоочисток	62
мокрыми ботинками	62
мокрая поверхность	62
мокрых солонцах	62
мокрые платформы	62
моя самокритика	62
мокрых одежд	62
мокрые края	62
Молодой демократ	62
мокрой пилотке	62
мокрых откосов	62
мокрых скрубберах	61
мокрой мордочкой	61
мокрые гимнастерки	61
мокрых рубахах	61
мокрый войлок	61
мокрыми плащами	61
мокрую кору	61
мокрый ворот	61
мокрой консервации	61
мокрого стекла	61
мократических преобразований	61
мокрый ус	61
мокрая классификация	61
мокрой пленкой	61
мокрые слезы	61
мокрый чай	61
мокрой воды	61
мокрым глянцем	61
московские демократы	61
мокрым льдом	61
мокрый утренний	61
мокрую подстилку	61
мокрые портки	61
мокрая уборка	61
мокрые перчатки	61
мокрым полотнищем	61
мокраго снъта	60
мокрым крупом	60
мокрая скамья	60
мокрым аллеям	60
мокрый кот	60
мокрую клеенку	60
мокрая копна	60
мокрому дну	60
мокрые метели	60
мокрую амуницию	60
мокрой шапкой	60
мокрым кулаком	60
мокрых облаков	60
мокрые травинки	60
молодой демократией	60
мокрым булыжникам	59
мокрые перышки	59
мокрому бетону	59
мокром состояниях	59
мокрыми прутьями	59
мокрой газетой	59
мокрых препаратов	59
мокрая брусчатка	59
мокрые избы	59
мокрая крыса	59
мокрых болотах	59
мокрым лицам	59
мокрым местом	59
мокрый кашель	59
мокрой ветошью	59
мокрый снимок	59
мокрый пепел	59
мокром ветре	59
мокрой драни	59
мокрая паутина	59
мокрых усов	59
мокрого холода	59
мокрым столиком	59
мокрый мяч	59
мокрые ступеньки	59
мокрым носиком	59
мокрою толпой	59
мокрый охотник	59
мокрой осенью	58
мокрые подолы	58
мокрой его	58
мокрые сливы	58
мокрой скале	58
мокрые круги	58
мокрыми цветами	58
мокрые платья	58
мокрого коня	58
мокрое перо	58
мократическими организациями	58
мокрый бушлат	58
мокрого щенка	58
мокром сожжении	58
мокрых ступенях	58
мокрой резиной	58
мокрой сероочистки	57
мокрые бинты	57
мокрых бровей	57
мокрой зимы	57
мокрая мгла	57
мокрой щеки	57
мокрою землей	57
мокрую одежонку	57
мокрый трос	57
мокрому плащу	57
мокро отъ	57
мокрой регенерации	57
мокрый звук	57
мокрое сожжение	57
мокрые звезды	57
мокрая его	57
мокрого скруббера	57
мокрой весны	57
мокрые разводы	57
мокрому платью	57
мокрым сеном	57
мокрыя тряпки	57
мокрой стенке	57
мокрый свитер	56
мокрый валежник	56
мокрый сосок	56
мокрый термометр	56
мокром ватнике	56
мокрых рубах	56
мокрой яме	56
мокрому брезенту	56
мокрое днище	56
мокрой гимнастерке	56
мокрее воды	56
мокрый подоконник	56
мокрых шароварах	56
мокрая шлифовка	56
мокрые чубы	56
мокрые водоросли	56
мокрые участки	56
мокрую тарелку	56
мокрое крыло	56
мокрого пара	56
мокрыми скрубберами	56
мокрой гимнастерки	55
мокрыми калошами	55
мокрой травъ	55
мокрых домов	55
мокрым соусом	55
мокрая масса	55
мокрой шахте	55
мокрую сирень	55
мокрые солдаты	55
молодым демократиям	55
мокрой вьюгой	55
мокрым углем	55
мокрых накидках	55
мокрых канатов	55
мокрая газета	55
мокрые препараты	55
мокрыми пылеуловителями	55
мокрый свет	55
мокрая клеенка	55
мократической партш	55
мокрыми трусами	54
мокрому крупу	54
мокром откосе	54
мокрый пакет	54
мокрыми полушубками	54
мокрого теленка	54
мокрым плечом	54
мокрых сумерках	54
мокрыми шинами	54
мокрую трясину	54
мокрый щебень	54
мокрая газоочистка	54
мокрыя простыни	54
мокрой столицы	54
мокра отъ	54
мокрую чащу	54
мокрых садов	54
мокрых носков	54
мокрой работы	54
мокрые куртки	54
мокрых перил	54
мокрым канатом	54
мокрого мола	54
мокром сарафане	53
мокрыми туманами	53
мокрая кашица	53
мокрую яму	53
мокром космосе	53
мокром иле	53
мокрых лохмотьях	53
мокрые салфетки	53
молодых социалдемократов	53
мокром трикотаже	53
мокрым веткам	53
мокрых фильтров	53
мокрой работе	53
мокрым снегопадом	53
мокрой свежестью	53
мокрых пальцах	53
мокрое тельце	53
мокрых деревьях	52
мокрых снежинок	52
мокрому днищу	52
мокрые шкуры	52
мокрые забои	52
мокрой копной	52
мокрая тьма	52
мократической республики	52
мокрый способъ	52
мокрого пылеподавления	52
мокрого куста	52
мокрою курицею	52
мокрою курицей	52
мокрой крапивы	52
мокрую соль	52
мокрых поленьев	52
мокрых типах	52
мокрой тайге	52
мокрыми тряпочками	52
мокрой древесиной	52
мокрые бурьяны	52
мокрые горы	52
мокрыми лбами	52
мокрый пласт	52
мокрая лента	52
мокрым кустарником	52
мокрую швабру	52
мокрыми окнами	52
мокрый овраг	52
мокрыми водорослями	52
московских социалдемократов	52
мокрое шлифование	52
мокрой лозы	52
мокрый башмачок	52
мокрый Васька	52
мокрые веники	51
мокрая химия	51
мокрую часть	51
мокром отражении	51
мокрую перекладину	51
мокрой броне	51
мокрая губа	51
мокрой тонкошеей	51
мокрый снегъ	51
мокрым мехом	51
мокрые верхушки	51
мокрое сукно	51
мокрой ромашки	51
мокрые шеи	51
мокрое сиденье	51
мокрое личико	51
мокрых конях	51
мокрым войлоком	51
мокрая юбка	51
мокрыя деревья	51
мокрый носок	51
мокром глянце	51
мокрой березке	51
мокрого следа	51
мокрые комочки	51
мокрый узелок	51
мокрые зерна	51
мокрыми глазками	50
мокра гвоздика	50
мокрый труп	50
мокрого петуха	50
мокрой палатке	50
мокрой парусины	50
мокрыя ноги	50
мокрый башлык	50
мокрых песков	50
мокрых опилках	50
мокрое полено	50
мократических принципов	50
мокрой пряжи	50
мокрые ракиты	50
мокрые юбки	50
мокрой площади	50
мокрая кора	50
мокром граните	50
мокрый его	50
мокрую девочку	50
мокрыми вениками	50
мокрые губки	50
мокрых лохмотьев	50
мокрой ниткой	50
мокрые щели	49
мокрым лбам	49
мокрых рельсов	49
мокрый круп	49
мокром платке	49
мокрый козырек	49
мокрых процессах	49
мокрые городки	49
мокрый волоча	49
мокрого слоя	49
мокрые ягоды	49
мокрый кирпич	49
мокрые поцелуи	49
мокрых платьях	49
мокрых штанишках	49
мокрых почв	49
мокрые полотнища	49
мокрые рты	49
мокрое шлепанье	48
мокрой полыни	48
мокрыми канатами	48
мокроусовские матросы	48
мокрому железу	48
мокрыми местами	48
мокро багровело	48
мокрая каша	48
мокрый карман	48
мокрую уборку	48
мокрого воздуха	48
мократической интеллигенции	48
мокрыми ветрами	48
мокрая щека	48
мокрый карцер	48
мокрой одежи	48
мокрой мелочью	48
мокрый компресс	48
мокрый хром	48
мокрого товара	48
мокрый жгут	48
мокрой рюмки	48
мокрых девок	48
мокрую кошку	48
мокрым жгутом	48
мокрого берега	48
мокром сумраке	48
мокрых низинах	48
мокрого рта	48
мокрой полынью	48
мокрый парк	48
мокрый живот	48
мокрых простыней	47
мокрым стуком	47
мокрой стали	47
мокрую ветошку	47
мокрую робу	47
мокрые ватники	47
мокрыя места	47
мокрых скамеек	47
мокрые извозчики	47
мокрую пасть	47
мокрым кнутом	47
мокрыми салфетками	47
мокрыми кистями	47
мокрой щебенке	47
мокрые осенние	47
мокрых плавках	47
мокрой подстилке	47
мокрые хребты	47
мокрых способах	47
мокрой шубе	47
мокрому способам	47
мокрую ложку	47
мокрых лаптей	47
мокрыми бровями	47
мокрого меха	47
мокрый фартук	47
мокрое дробление	47
мокрыми улицами	47
мокрым мохом	47
мокром крыльце	47
мокром бревне	47
мокрого неба	47
мокрой темени	47
мокрыми бревнами	47
мокрую рожь	46
мокрая она	46
мокрая вьюга	46
мокрым прахом	46
мокрые низины	46
мокрых булыжниках	46
мокрому насту	46
мокрых палатках	46
мокрую тропу	46
мокрою погодою	46
мокром подвале	46
мокрые их	46
мокрые стали	46
мокрых цветах	46
мокрый висок	46
мокрых сучьев	46
мокрыми лесами	46
мокрому подоконнику	46
мокрой буркой	46
мокрую стойку	46
мокрым кашлем	46
мокрой палубой	46
мокрые завитки	46
мокрые ели	46
мокрой платформы	46
мокрыми курами	46
мокрых мешков	46
мокрую даль	46
мокрая соль	46
мокрый корень	46
мокром картузе	46
мокрые глазки	46
мокрыми подмышками	46
мокрые стога	46
мокрую рубашонку	46
мокрой набережной	46
мокрых ворон	45
мокрые опорки	45
мокрого пиджака	45
мокром коротком	45
мокрыми вихрами	45
мокрой ямы	45
мокрые ленты	45
мокрую травку	45
мокрое окисление	45
мокрых камышей	45
мокрыми комками	45
мокрых башмаках	45
мокрую накидку	45
мокрые валежины	45
мокрой стойке	45
мокромъ платье	45
мокрые снимки	45
мокрою пылью	45
мокрой юбки	45
мокрой смородиной	45
мокрой парусиной	45
мокрому животу	45
мокрого перрона	45
мокрая ресница	45
мокрыми пятками	45
мокрым торцам	45
мокрою кабинкой	45
мокрых стаканов	45
мокрых плащ	45
мокрая резина	45
мокром фартуке	45
мокрым бетоном	45
мократических свобод	44
мокрого бетона	44
мокрого воробья	44
мокрым размолом	44
мокрый рюкзак	44
мокрый отпечаток	44
мокрым штанам	44
мокрой капусты	44
мокрой кочке	44
мокрых центифолий	44
мокрые поршни	44
мокрые ее	44
мокрые коленки	44
мокрому небу	44
мокрые голуби	44
мокрыми носками	44
мокрого ствола	44
мокрую бутылочку	44
мокрыми подошвами	44
мокрых болот	44
мокрые порты	44
мокрого кустарника	44
мокрую мелочь	44
мокрую палатку	44
мокрую черноту	44
мокрых перчатках	44
мокрую полу	44
мокрое прикосновение	44
мокрыми повязками	44
мокрых кож	44
мокрый комбинезон	44
мократической организации	43
мокром цехе	43
мокрые лепестки	43
мокрых портках	43
мокрую цепь	43
мокрого цыпленка	43
мокрою землею	43
мократического государства	43
мокрыми ступнями	43
мокрой майкой	43
мократическая революция	43
мокрому следу	43
мокрых дорожках	43
мокрую мышь	43
мокрый кошелек	43
мокрое окошко	43
мокрой мглы	43
мокрая прядка	43
мокрой тундрой	43
мокрый шнур	43
мокрого окошка	43
мокрые окурки	43
мократического социализма	43
мокрыми дорожками	43
мокром отрепье	43
мокрый мрак	43
мокрую галку	43
мокрый пучок	42
мокрые костюмы	42
мокрых куртин	42
мокрые глыбы	42
мокрые тени	42
мокрой тряп	42
мокрый чемодан	42
мокрой пади	42
мокрым кочкам	42
мокрым фартуком	42
мократический характер	42
мокрый капитан	42
мокром лбу	42
мокрыя губы	42
мократическое государство	42
мокрые снопы	42
мокрому листу	42
мокрые шпалы	42
мокрого гранита	42
мокрая собачонка	42
мокрых костюмах	42
мокрый лог	42
мокрая шкура	42
мокрою рукой	42
мокрый металл	42
мокрую мордочку	42
мокрых облаках	42
мокрое облако	42
мокрую полоску	42
мокрым щебнем	42
мокрым паром	42
мокрых чекменей	42
мокрому трапу	41
мокрые столы	41
мокрой накидке	41
мокрого дня	41
мокрой клеенкой	41
мокрой шкурой	41
мокрой косынкой	41
мокрой луговине	41
мокрую ладошку	41
мокрую кофту	41
мокрого шоссе	41
мокрою спиной	41
мокрой ветки	41
мокрым воздухом	41
мокрых спицах	41
мокрых пнях	41
мокрым усам	41
мокрой скамьи	41
мокрую сдачу	41
мокрыми овчинами	41
мократических основ	41
мокрой фуражке	41
мокрых портянках	40
мокрое письмо	40
мокрым то	40
мократической основе	40
мокрой кепки	40
мокрой сеткой	40
мокрой лысиной	40
мокрую комнату	40
мокрый локоть	40
мокрой шерсткой	40
мокрым лесам	40
мокрого веника	40
мокрых тучах	40
мокрые власы	40
мократические права	40
мокрых ногах	40
мокрую папиросу	40
мокрыми щетками	40
мокрого зонтика	40
мокрым брюхом	40
мокрую сигарету	40
мокрых галок	40
мокром зеркале	40
мокрого капюшона	40
мокром лице	40
мокрую весну	40
мокрая лужа	40