влажные годы	16881
влажного воздуха	14364
влажного климата	14093
влажном состоянии	13502
влажных субтропиков	11019
влажным климатом	8540
влажный воздух	8390
влажных местах	8218
влажном воздухе	8169
влажной почве	7736
влажный климат	7156
влажной камере	6827
влажными глазами	6821
влажной атмосфере	6216
влажные глаза	6146
влажных условиях	5842
влажной среде	5106
влажных почвах	5034
влажном климате	4928
влажного пара	4887
влажностного режима	4651
влажную почву	4536
влажную камеру	4035
влажных районах	4032
влажную землю	3878
влажной земли	3748
влажные хрипы	3721
влажный ветер	3719
влажных тропиков	3645
влажной почвы	3614
влажной земле	3579
влажный песок	3494
влажном песке	3436
влажных лугах	3357
влажностный режим	3254
влажных солей	3125
влажным воздухом	3030
влажную погоду	3023
влажных субтропиках	2958
влажной тряпкой	2658
влажный период	2573
влажные губы	2498
влажного зерна	2453
влажной землей	2443
влажные периоды	2254
влажный слой	2034
влажных лесах	1907
влажного песка	1888
влажных лесов	1848
влажный лоб	1818
влажным песком	1799
влажными губами	1797
влажный год	1788
влажные волосы	1763
влажным летом	1750
влажной ткани	1736
влажное лето	1727
влажных тропиках	1716
влажная погода	1686
влажных местообитаниях	1605
влажный блеск	1593
влажных материалов	1586
влажная почва	1533
влажная земля	1517
влажный след	1513
влажной погоде	1505
влажных лет	1484
влажной камеры	1483
влажной поверхности	1460
влажного материала	1451
влажную руку	1410
влажном паре	1404
влажного грунта	1404
влажного периода	1358
влажной зоне	1353
влажных участках	1336
влажных местообитаний	1304
влажной атмосферы	1302
влажных хрипов	1300
влажных районов	1288
влажной траве	1263
влажные луга	1225
влажный сезон	1203
влажные леса	1199
влажных мест	1198
влажного веса	1189
влажному климату	1170
влажные места	1167
влажной погоды	1089
влажных глаз	1086
влажным блеском	1081
влажным полотенцем	1078
влажной зоны	1076
влажного газа	1076
влажным местам	1066
влажный снег	1060
влажные почвы	1058
влажных ветров	1057
влажную уборку	1028
влажные субтропики	1027
влажных периодов	1025
влажное дыхание	1011
влажные ветры	1006
влажных почв	988
влажный запах	988
влажных лугов	987
влажной конвекции	960
влажный воздухъ	923
влажного сезона	920
влажностных условиях	919
влажным способом	917
влажных скалах	906
влажных камерах	891
влажные условия	882
влажный пар	870
влажной глины	867
влажные камеры	853
влажной зимой	853
влажного лета	852
влажного снега	843
влажного осадка	843
влажную траву	842
влажнотропических лесов	840
влажностным режимом	836
влажных образцов	823
влажное зерно	822
влажным ветром	821
влажных берегах	816
влажное время	814
влажной весной	780
влажный ветерок	768
влажного ветра	745
влажному песку	744
влажным паром	741
влажной массы	733
влажный »	731
влажный мох	730
влажная уборка	724
влажной среды	721
влажные руки	719
влажному лбу	715
влажных склонах	707
влажной прохладой	706
влажную среду	698
влажного »	697
влажную атмосферу	692
влажным мхом	690
влажнаго воздуха	689
влажных глазах	688
влажного слоя	679
влажное пятно	679
влажным носом	669
влажными почвами	667
влажном году	667
влажную ткань	658
влажной »	655
влажностных условий	655
влажную поверхность	650
влажное место	645
влажные участки	643
влажные следы	638
влажном кислороде	637
влажный туман	635
влажным теплом	630
влажной травы	630
влажных семян	629
влажная прохлада	624
влажном грунте	620
влажных опилках	618
влажный рот	605
влажной осенью	605
влажном виде	601
влажной части	600
влажной рукой	600
влажных кормов	597
влажных масс	594
влажностного состояния	592
влажное лицо	590
влажных губ	590
влажных грунтов	589
влажные зубы	584
влажные пятна	574
влажных областей	568
влажного хранения	567
влажным местообитаниям	564
влажных условий	558
влажной осени	557
влажными опилками	555
влажных областях	550
влажные сезоны	545
влажной уборки	542
влажная глина	542
влажное тело	536
влажные местообитания	535
влажнопаровых турбин	525
влажной свежестью	520
влажного кислорода	519
влажного тела	518
влажном месте	517
влажную ладонь	512
влажная зона	509
влажными волосами	509
влажный нос	508
влажных мешанок	506
влажной весны	505
влажной древесины	503
влажных продуктов	501
влажный грунт	500
влажные листья	500
влажными руками	496
влажной тряпочкой	495
влажной губкой	492
влажное полотенце	488
влажного горения	484
влажном водороде	482
влажного состояния	477
влажным запахом	476
влажной окисью	474
влажным холодом	473
влажным дыханием	471
влажного водорода	470
влажную тряпку	469
влажными пальцами	467
влажного термометра	466
влажных биотопах	465
влажных грунтах	465
влажного года	460
влажной погодой	459
влажный взгляд	457
влажных слоев	457
влажной ладонью	456
влажных типах	454
влажностных характеристик	453
влажная жара	451
влажным лугам	451
влажной тканью	450
влажного луга	446
влажными мешанками	445
влажная камера	443
влажный вес	436
влажные слои	434
влажных уст	429
влажный луг	428
влажное тепло	426
влажного леса	426
влажном слое	422
влажного угля	420
влажные тропики	419
влажная трава	414
влажные районы	411
влажную кожу	410
влажный взор	410
влажномъ воздухе	409
влажному воздуху	408
влажная атмосфера	403
влажные семена	402
влажные ноздри	398
влажная весна	397
влажный дым	396
влажный лес	395
влажным ртом	394
влажных дней	393
влажных зонах	391
влажной окиси	391
влажных препаратов	389
влажных углей	387
влажных образцах	386
влажным взглядом	385
влажные пальцы	385
влажностном режиме	383
влажной салфеткой	382
влажных »	382
влажных тропич	382
влажного образца	379
влажная духота	372
влажной травой	371
влажные дни	368
влажные препараты	366
влажные ладони	366
влажную прохладу	364
влажным ветрам	363
влажный лист	362
влажной глине	358
влажных газов	357
влажный сумрак	356
влажного осаждения	356
влажную глину	356
влажной глиной	354
влажной пыли	353
влажные тропич	352
влажностные условия	351
влажные мешанки	349
влажным »	346
влажной смеси	345
влажная ночь	345
влажным эфиром	344
влажных пород	343
влажностных режимов	343
влажный холодок	341
влажные массы	341
влажнотропические леса	341
влажной поверхностью	340
влажного мха	337
влажной мешанки	334
влажном мху	333
влажные »	332
влажных сезонов	331
влажного торфа	331
влажных проб	329
влажной древесине	328
влажных волос	325
влажных осадков	325
влажной дезинсекции	324
влажным туманом	323
влажная зима	322
влажную массу	319
влажный холод	318
влажном субстрате	318
влажная осень	315
влажной марлей	315
влажными условиями	314
влажные опилки	314
влажных материалах	313
влажный камень	312
влажная »	311
влажный материал	309
влажная масса	307
влажного типа	306
влажной атмосферой	303
влажным языком	302
влажной пылью	301
влажным условиям	300
влажностных деформаций	298
влажной дезинфекции	298
влажным субтропикам	297
влажной бумаге	297
влажный климатъ	295
влажной буркой	295
влажные эпохи	290
влажных участков	289
влажной листвы	289
влажные камни	286
влажный осадок	284
влажными лесами	284
влажной ватой	284
влажный кашель	282
влажной пеленой	281
влажными отъ	279
влажный асфальт	279
влажного корма	277
влажных хлебов	276
влажном лугу	275
влажном помещении	275
влажную бумагу	275
влажного сена	275
влажных средах	274
влажном тумане	274
влажным тампоном	273
влажных камер	272
влажном эфире	271
влажная кожа	271
влажную осень	271
влажные месяцы	270
влажного эфира	270
влажной подстилке	270
влажная среда	269
влажных р	269
влажной почвой	269
влажной породы	268
влажного горизонта	268
влажных ущельях	267
влажные ресницы	267
влажных типов	267
влажными ноздрями	266
влажных климатов	265
влажная рука	265
влажный суглинок	264
влажная поверхность	264
влажных долинах	264
влажных саванн	264
влажными лугами	263
влажноадиабатический градиент	263
влажный язык	263
влажным глазом	261
влажной ночи	261
влажную мешанку	261
влажного топлива	261
влажных зон	260
влажной зелени	260
влажнотропического леса	259
влажным губам	259
влажным снегом	259
влажным берегам	258
влажной весне	257
влажным холодком	254
влажных помещениях	251
влажных песках	250
влажным платком	249
влажных листьев	248
влажная зелень	247
влажного блеска	247
влажных биотопов	247
влажными ветрами	246
влажной жары	246
влажных кормосмесей	245
влажной коже	245
влажный платок	245
влажностных полей	244
влажной мутности	244
влажные склоны	244
влажными глазками	243
влажный шум	243
влажную весну	242
влажным периодом	242
влажный горизонт	241
влажный глаз	240
влажным глазам	240
влажное небо	240
влажным склонам	239
влажную свежесть	239
влажных камнях	237
влажнотропических лесах	237
влажного муссона	236
влажной соли	236
влажного термометров	236
влажнее почва	234
влажной дымкой	234
влажного дыхания	233
влажными главами	233
влажно сти	232
влажным слоем	231
влажными тряпками	231
влажных местностях	231
влажной дороге	229
влажными листьями	229
влажном газе	228
влажного остатка	227
влажной кожи	226
влажный жар	226
влажным жаром	225
влажных стациях	225
влажного режима	225
влажный район	225
влажной шихты	222
влажностного режимов	222
влажного прессования	221
влажный поцелуй	220
влажной гангрены	220
влажного пятна	219
влажного хлопка	219
влажные весны	219
влажностному режиму	218
влажными ладонями	217
влажное прикосновение	216
влажных тел	216
влажной фазы	215
влажная свежесть	215
влажных понижениях	214
влажных смесей	212
влажное белье	212
влажных частях	211
влажных губах	211
влажным режимом	210
влажной уборке	210
влажный свет	210
влажной их	209
влажной мешковиной	209
влажной стене	208
влажной области	208
влажной соломы	207
влажных эпох	207
влажным лесам	206
влажные пары	206
влажной субори	205
влажными кормами	205
влажными испарениями	204
влажном пространстве	204
влажнаго климата	204
влажный газ	203
влажном лесу	203
влажных скал	203
влажный вечер	203
влажных рифм	202
влажной бумаги	202
влажным почвам	201
влажной духоте	201
влажной неба	200
влажным ветерком	199
влажные фазы	199
влажной обработки	199
влажные простыни	198
влажный голос	197
влажного тепла	197
влажного лба	196
влажные биотопы	196
влажной мгле	196
влажному асфальту	196
влажных трав	195
влажное крыльцо	195
влажное дно	193
влажным материалом	192
влажные комья	192
влажный тук	191
влажного продукта	191
влажных опилок	191
влажный субстрат	190
влажные образцы	190
влажные запахи	189
влажном дне	189
влажных субстратах	188
влажноадиабатического градиента	188
влажным мохом	187
влажные стены	187
влажным грунтом	187
влажная мгла	187
влажных низинах	186
влажные ветки	186
влажным районам	186
влажного сезонов	186
влажных земель	185
влажный фильтр	185
влажном берегу	185
влажное »	185
влажных песков	184
влажнотепловой обработки	183
влажные испарения	182
влажное ложе	182
влажные листы	180
влажных горизонтов	180
влажным взором	180
влажностного поля	180
влажным водородом	180
влажной средой	180
влажных слоях	180
влажную салфетку	180
влажной борозде	179
влажным участкам	179
влажным волосам	178
влажных топлив	178
влажного хлеба	178
влажную вату	178
влажная пелена	177
влажную розу	176
влажными годами	176
влажном зерне	176
влажной адиабате	176
влажной ваты	175
влажная пыль	174
влажные туманы	174
влажные ветви	174
влажную одежду	174
влажный волос	173
влажную эпоху	173
влажных лужайках	172
влажной тени	172
влажной ладони	172
влажных испарений	171
влажный препарат	171
влажных поверхностей	171
влажные хлопья	171
влажных климатах	171
влажную простыню	170
влажный шорох	170
влажностные характеристики	169
влажные цветы	169
влажные облака	169
влажных частиц	169
влажную зону	169
влажной мешанкой	169
влажный мрак	168
влажной духоты	168
влажностного зондирования	167
влажный аромат	167
влажной пленки	167
влажными пятнами	166
влажный уголь	166
влажного вещества	166
влажными »	165
влажной зимы	165
влажную грудь	165
влажными периодами	165
влажной глубины	164
влажной листвой	164
влажной неустойчивости	164
влажной духотой	163
влажного тумана	163
влажностные деформации	163
влажные звезды	163
влажная тень	162
влажную марлю	162
влажностное состояние	162
влажной прохлады	162
влажный корм	162
влажному термометру	160
влажностных параметров	160
влажном материале	160
влажном районе	159
влажная гангрена	159
влажных мхах	159
влажный тип	159
влажный годы	158
влажное состояние	158
влажному периоду	158
влажный торф	158
влажного бога	157
влажное вещество	157
влажны отъ	157
влажностный режимы	156
влажный режим	156
влажного ила	156
влажностных воздействий	156
влажно »	156
влажных цветов	156
влажной тьме	155
влажной зеленью	155
влажным зноем	155
влажными хрипами	154
влажной пленкой	154
влажном асфальте	154
влажный берег	153
влажную пыль	153
влажные области	153
влажностные воздействия	153
влажную шею	153
влажные тени	153
влажные веки	152
влажной бумагой	152
влажной стихии	152
влажные сумерки	151
влажные власы	151
влажна ночь	151
влажный день	151
влажную теплоту	151
влажная листва	150
влажной адиабаты	150
влажный месяц	149
влажные стволы	149
влажной глубине	149
влажный эфир	149
влажного дефицита	149
влажной ваткой	148
влажной темноте	147
влажного сырья	147
влажной эпохи	146
влажные травы	146
влажного концентрата	145
влажных солончаках	145
влажные типы	145
влажным дном	145
влажными хлопьями	145
влажным микроклиматом	144
влажного пояса	144
влажному ветру	144
влажной кожей	144
влажная фаза	144
влажного хлора	144
влажное утро	144
влажных фаз	144
влажное пространство	143
влажный дух	143
влажной камерой	143
влажную мглу	143
влажных рук	142
влажным лбом	142
влажной мостовой	142
влажной щеке	142
влажных дубравах	141
влажных объектов	141
влажный песокъ	141
влажной шерсти	141
влажные отъ	140
влажных берегов	140
влажной руки	140
влажном режиме	139
влажные горизонты	138
влажной свежести	138
влажным тропикам	137
влажной саванны	137
влажном хранении	137
влажным лугом	136
влажная часть	136
влажную пелену	136
влажная теплота	135
влажных кристаллов	135
влажного периодов	135
влажные поверхности	135
влажную темноту	134
влажных месяцев	134
влажная дымка	134
влажные пески	134
влажных высокогорий	134
влажная конвекция	134
влажное стекло	134
влажные щеки	133
влажную фазу	133
влажных камней	133
влажными зубами	133
влажной атмосфер	133
влажный мир	133
влажных годов	133
влажных глин	132
влажный микроклимат	132
влажной почв	132
влажные салфетки	132
влажномъ климате	131
влажному лицу	131
влажну грудь	131
влажными глаза	131
влажную листву	130
влажные тучи	130
влажные стебли	130
влажным зерном	130
влажными местообитаниями	129
влажный пол	129
влажный дефицит	129
влажная ладонь	129
влажный вариант	129
влажного бора	128
влажных гранул	127
влажные скалы	127
влажной руды	127
влажном фильтре	127
влажные полосы	126
влажностные режимы	126
влажный ил	126
влажными ресницами	126
влажным лицом	126
влажного азота	125
влажный сад	125
влажном мраке	125
влажные долины	125
влажной пасты	125
влажных пятен	125
влажным торфом	125
влажные очи	125
влажностных напряжений	125
влажному снегу	125
влажном корме	124
влажном участке	124
влажном »	123
влажностных режимах	122
влажных повязок	122
влажному телу	122
влажном торфе	122
влажное сено	122
влажных клеток	121
влажном горении	121
влажная темнота	121
влажные поля	121
влажной сыростью	121
влажная мешанка	120
влажное хранение	120
влажных листьях	120
влажными тропич	120
влажной тишине	120
влажная полоса	120
влажный участок	120
влажными устами	120
влажный сдвиг	119
влажной биомассы	119
влажного бетона	119
влажные ее	119
влажного Н2	119
влажное осаждение	119
влажном состояниях	119
влажного субстрата	118
влажных пленок	118
влажными субтропиками	118
влажного рта	117
влажнее климат	117
влажное солнце	117
влажной обстановке	117
влажными парами	117
влажная тряпка	117
влажные обтирания	116
влажном Н2	116
влажнотропическими лесами	116
влажного протравливания	116
влажные корма	116
влажных степей	115
влажную сирень	115
влажные пробы	115
влажные берега	115
влажный злак	115
влажных тундрах	115
влажные зимы	115
влажном полу	115
влажных стаций	115
влажному мху	114
влажную морду	114
влажным шелестом	114
влажная тишина	114
влажному стеклу	114
влажных выпадений	114
влажным покровом	114
влажные ночи	113
влажные кудри	113
влажные стации	113
влажную жару	113
влажных гор	113
влажного твердения	113
влажную спину	113
влажной одежды	112
влажном сумраке	112
влажного месяца	112
влажный ком	112
влажным сезоном	112
влажные крыши	112
влажная тьма	112
влажную тишину	112
влажный шепот	111
влажная пленка	111
влажных субтро	111
влажной шее	111
влажных стен	111
влажных пальцев	111
влажным камням	110
влажной смолы	110
влажный пояс	110
влажного холода	109
влажным стенам	109
влажным кормом	109
влажных мхов	109
влажной мордой	109
влажной жаре	109
влажную щеку	109
влажной тряпицей	109
влажные повязки	109
влажным хладом	109
влажного дерева	108
влажные звуки	108
влажной кукурузы	108
влажное дыханье	108
влажной полосе	108
влажный образец	107
влажную древесину	107
влажным деревом	107
влажной грязи	107
влажной обработке	107
влажному лугу	106
влажного табака	106
влажную тряпочку	106
влажный шелест	106
влажном склоне	106
влажное чело	106
влажная ткань	106
влажных недр	105
влажных паров	105
влажный продукт	105
влажной синевой	105
влажными салфетками	105
влажных осыпях	104
влажных странах	104
влажными полями	104
влажный чернозем	104
влажном блеске	104
влажного мицелия	104
влажный звук	104
влажное дерево	104
влажный флота	103
влажное ™	103
влажным субтропическим	103
влажному грунту	103
влажную голову	102
влажнотропический лес	102
влажных породах	102
влажные доски	102
влажностных воздействиях	102
влажного сероводорода	102
влажной тенью	102
влажным огнем	101
влажным кислородом	101
влажную повязку	101
влажных потоков	101
влажной щекой	101
влажным голосом	100
влажным субстратом	100
влажную смесь	100
влажную »	100
влажную тьму	100
влажные тряпки	100
влажных землях	99
влажного порошка	99
влажным телом	99
влажный комок	99
влажностной обработки	99
влажным методом	99
влажносубтропических культур	99
влажной простыней	99
влажного асфальта	99
влажном теле	99
влажных вариантах	98
влажным светом	98
влажного камня	98
влажной тьмы	98
влажностными режимами	98
влажный сезоны	98
влажному полу	98
влажной чернотой	98
влажной спине	97
влажный муссон	97
влажной соломой	97
влажный утренний	97
влажной местности	97
влажном снегу	97
влажным годам	97
влажные зоны	97
влажные земли	97
влажной массой	96
влажных ее	96
влажном камне	96
влажная дезинфекция	96
влажной губки	96
влажной степи	96
влажной отъ	95
влажном ветру	95
влажной кистью	95
влажным биотопам	95
влажностного комплекса	95
влажной жарой	95
влажной листве	95
влажные материалы	95
влажных простынях	95
влажными цветами	94
влажных роз	94
влажных кудрей	94
влажной тропинке	94
влажном типе	94
влажные пряди	94
влажному пару	94
влажных суборях	94
влажной руке	94
влажные грунты	93
влажное горение	93
влажная супесь	93
влажный хлеб	93
влажными районами	92
влажный способ	92
влажная эпоха	92
влажного препарата	92
влажным газом	92
влажную губку	92
влажном сене	92
влажных долин	91
влажные частицы	91
влажной дорожке	91
влажный налет	91
влажного обеззараживания	91
влажной рукою	91
влажных поверхностях	91
влажных муссонов	91
влажных полях	91
влажном хлоре	90
влажностными условиями	90
влажными носами	90
влажных растений	90
влажными запахами	90
влажная область	90
влажного чернозема	90
влажный периоды	90
влажной массе	89
влажной вате	89
влажная губка	89
влажные уста	89
влажных газах	89
влажный кислород	89
влажный порошок	88
влажных стенах	88
влажную зелень	88
влажной частицы	88
влажную обработку	88
влажных луговинах	88
влажных помещений	88
влажной лесостепи	88
влажную полоску	87
влажный вздох	87
влажной солью	87
влажную ночь	87
влажного листа	87
влажная смесь	87
влажную дезинфекцию	87
влажными травами	87
влажной землею	87
влажных года	87
влажной марли	86
влажные полотенца	86
влажными поверхностями	86
влажный воротник	86
влажных местоположениях	86
влажностных процессов	86
влажной стихш	86
влажной хвои	86
влажной корой	86
влажные глазки	86
влажному весу	86
влажных препаратах	85
влажных солончаков	85
влажным пальцем	85
влажной спиной	85
влажную тряпицу	85
влажной ветошью	85
влажной коры	85
влажную ладошку	85
влажные шкурки	85
влажного белья	85
влажным годом	84
влажной одежде	84
влажная древесина	84
влажных дубрав	84
влажной теплоты	84
влажных пастбищах	84
влажных суб	84
влажный лобъ	84
влажной тундры	84
влажную духоту	83
влажными слоями	83
влажной тряпки	83
влажных ущелий	83
влажной материи	83
влажного геля	83
влажные языки	82
влажных борах	82
влажных суглинках	82
влажностных факторов	82
влажными местами	82
влажное лоно	82
влажностные параметры	82
влажного аргона	82
влажную часть	82
влажные пласты	81
влажную главу	81
влажные его	81
влажную природу	81
влажная обработка	81
влажного вороха	81
влажного крахмала	81
влажного разнотравья	81
влажном визге	80
влажных стран	80
влажного варианта	80
влажным типом	80
влажную пленку	80
влажным облаком	80
влажном небе	80
влажны »	79
влажным хлором	79
влажного льда	79
влажный бор	79
влажный оттиск	79
влажным поцелуем	79
влажную рубашку	78
влажной целлюлозы	78
влажную даль	78
влажную дымку	78
влажных склонов	78
влажные тела	78
влажными типами	78
влажные части	78
влажной тундре	78
влажный прах	78
влажных сумерках	77
влажной кисточкой	77
влажных боров	77
влажными очами	77
влажной ночью	77
влажных «	77
влажных руд	77
влажном образце	77
влажные рытвины	77
влажного полотна	77
влажною землей	77
влажных экотопах	76
влажном снеге	76
влажных семенах	76
влажных полей	76
влажной теплотой	75
влажные лепестки	75
влажных запахов	75
влажная звезда	75
влажных частей	75
влажной долине	75
влажным углем	75
влажного некроза	75
влажного микроклимата	75
влажных зубов	75
влажного суглинка	75
влажных ветках	75
влажного кокса	75
влажные долы	75
влажные обертывания	74
влажной дымке	74
влажном иле	74
влажнопаровых ступеней	74
влажную скамью	74
влажных низин	74
влажные бока	74
влажного «	74
влажные глины	74
влажная адиабата	74
влажном поясе	74
влажные дорожки	74
влажные поручни	73
влажный хлопок	73
влажным лесом	73
влажном бензоле	73
влажной зон	73
влажную мякоть	73
влажной уборкой	73
влажный шар	73
влажное облако	73
влажной улыбкой	73
влажном лице	73
влажных полянах	73
влажной коре	73
влажный водород	73
влажной штукатурке	73
влажного фракционирования	72
влажном лете	72
влажных мешанках	72
влажным шорохом	72
влажных местностей	72
влажный волосъ	72
влажных ельников	72
влажной трухе	72
влажные степи	72
влажной щеткой	72
влажные саванны	72
влажные укутывания	72
влажную мешковину	72
влажным листом	72
влажных сред	72
влажной тропе	72
влажных субтропи	72
влажных его	72
влажные климаты	71
влажными тампонами	71
влажные осадки	71
влажных устах	71
влажным дымом	71
влажными туманами	71
влажной смесью	71
влажной марле	71
влажных ладоней	70
влажной синеве	70
влажною рукой	70
влажном способе	70
влажного тропич	70
влажную подушку	70
влажным тропич	70
влажном взгляде	70
влажной Спас	70
влажном мхе	70
влажная одежда	70
влажному лету	69
влажным щекам	69
влажных территорий	69
влажные кусты	69
влажных западинах	69
влажная бумага	69
влажная вата	69
влажным понижениям	69
влажным бельем	69
влажными поцелуями	69
влажностным воздействиям	69
влажный компресс	68
влажных глыб	68
влажное полотно	68
влажная шерсть	68
влажной шерстью	68
влажных туманов	68
влажный луч	68
влажном угле	68
влажными материалами	68
влажных крыш	68
влажную тень	68
влажных волосах	68
влажным ароматом	68
влажная соль	67
влажного эпидермита	67
влажной стены	67
влажного времени	67
влажным ущельям	67
влажный взоръ	67
влажная дезинсекция	67
влажного сорбента	67
влажные кристаллы	67
влажной прелью	67
влажный отъ	67
влажной очистки	67
влажную прядь	67
влажных телах	67
влажностные напряжения	66
влажные края	66
влажная прядь	66
влажной пашне	66
влажные комочки	66
влажные компрессы	66
влажной поволокой	66
влажном осадке	66
влажных горизонтах	66
влажных ресниц	65
влажную бороду	65
влажные плечи	65
влажный эпидермит	65
влажные дубравы	65
влажные усы	65
влажному стволу	65
влажных вариантов	65
влажной фазе	65
влажных ложбинах	65
влажным прахом	65
влажною землею	65
влажное серебро	65
влажных периода	65
влажный бетон	64
влажную дорожку	64
влажную подстилку	64
влажную стену	64
влажного неба	64
влажный гул	64
влажным низинам	64
влажнымъ климатомъ	64
влажных аэрозолей	64
влажных джунглях	64
влажные суглинки	64
влажным хрустом	64
влажный лик	64
влажной гальке	64
влажному материалу	64
влажной низине	64
влажные струны	64
влажная лягушка	63
влажный хруст	63
влажным асфальтом	63
влажный тропич	63
влажными полотенцами	63
влажный полумрак	63
влажнотропическим лесом	63
влажного весла	63
влажную шерсть	63
влажный взглядъ	63
влажной хвоей	63
влажных высокогорьях	62
влажных зарослях	62
влажноадиабатический градиенты	62
влажную яму	62
влажный кончик	62
влажные заросли	62
влажный покров	62
влажная степь	62
влажностного полей	62
влажные ущелья	62
влажный остаток	62
влажными стенками	62
влажного аммиака	61
влажный бог	61
влажного распева	61
влажная порфира	61
влажной прохладе	61
влажными ветвями	61
влажным суглинком	61
влажномъ месте	61
влажном топливе	61
влажному осадку	61
влажными смесями	61
влажными веками	60
влажную дорогу	60
влажные звездочки	60
влажный комочек	60
влажными прядями	60
влажной подстилки	60
влажное долин	60
влажных отходов	60
влажную солому	60
влажною прохладой	59
влажная стихия	59
влажных котловинах	59
влажных отложений	59
влажной дымки	59
влажномъ состоянии	59
влажного берега	59
влажным веником	59
влажном азоте	59
влажной мглой	59
влажной белизной	59
влажное протравливание	59
влажных смесях	59
влажный характер	58
влажный поток	58
влажные соли	58
влажной зонах	58
влажной его	58
влажной темноты	58
влажными губками	58
влажного запаха	58
влажной черноте	58
влажная солома	58
влажного окисления	58
влажную отъ	58
влажном водяном	58
влажных углях	58
влажному дыханию	58
влажных лепестков	58
влажной гангрене	58
влажный термометр	58
влажные волны	58
влажносубтропической зоны	58
влажной тряпочке	57
влажных горах	57
влажными простынями	57
влажную глубину	57
влажные клочья	57
влажными корнями	57
влажному сезону	57
влажное поле	57
влажный путь	57
влажное помещение	57
влажного сумрака	57
влажностиого режима	57
влажным небом	57
влажное платье	57
влажные куски	57
влажнее воздух	57
влажными боками	57
влажными участками	57
влажном периоде	57
влажной пробы	56
влажную тяжесть	56
влажным стациям	56
влажной мглою	56
влажные портянки	56
влажной темнотой	56
влажному »	56
влажный отблеск	56
влажных компрессов	56
влажный «	56
влажные выпадения	56
влажный край	56
влажной стороной	56
влажный чуб	55
влажные струи	55
влажные смеси	55
влажное слово	55
влажным периодам	55
влажных ельниках	55
влажной тьмой	55
влажных звезд	55
влажных зим	55
влажными лепестками	55
влажным дыханьем	55
влажных адиабат	55
влажные страны	54
влажной силой	54
влажным месяцем	54
влажной груди	54
влажная полоска	54
влажном горизонте	54
влажными камнями	54
влажной мешанке	54
влажный носик	54
влажному рту	54
влажный воз	54
влажных сосняках	54
влажной смерти	54
влажной равнине	54
влажного жара	54
влажного дня	54
влажных кормах	54
влажный метод	53
влажное начало	53
влажных рельсах	53
влажное пятнышко	53
влажной мглы	53
влажной дорогой	53
влажными мхами	53
влажными соками	53
влажные стекла	53
влажному полю	53
влажная саванна	53
влажной соломе	53
влажной материей	53
влажных н	53
влажных равнин	53
влажным областям	53
влажной пасти	53
влажные полоски	53
влажном лбу	52
влажные гранки	52
влажной бездной	52
влажные отпечатки	52
влажной стенке	52
влажной зоной	52
влажного участка	52
влажные брови	52
влажным духом	52
влажных стеблей	52
влажное «	52
влажного побережья	52
влажной лапкой	52
влажного носа	52
влажные солончаки	52
влажные породы	52
влажных ноздрей	52
влажным районом	52
влажной пищи	52
влажная губа	52
влажной сирени	52
влажный хлор	52
влажный висок	52
влажные капли	52
влажный ствол	52
влажных корней	52
влажное сырье	52
влажных порошков	52
влажном холоде	52
влажному столбу	52
влажным звуком	51
влажному термометрам	51
влажные тундры	51
влажных облаков	51
влажного климатов	51
влажная сирень	51
влажные спины	51
влажной плоти	51
влажными сезонами	51
влажном поле	51
влажным порошком	51
влажным брезентом	51
влажный ветеръ	51
влажных ветвей	51
влажную палубу	51
влажными полосками	50
влажному остатку	50
влажном свете	50
влажным налетом	50
влажной низменности	50
влажных предгорьях	50
влажную зиму	50
влажноватый воздух	50
влажныя земли	50
влажную стихию	50
влажных травах	50
влажное дуновение	50
влажные нити	50
влажных салфеток	50
влажный туманъ	50
влажного зноя	50
влажный плащ	50
влажная струя	50
влажными семенами	50
влажным временем	50
влажный кусок	50
влажном ветре	50
влажных валков	50
влажному слою	50
влажным скалам	50
влажными весной	50
влажной извести	49
влажным горизонтом	49
влажными облаками	49
влажные кормосмеси	49
влажного бензола	49
влажной «	49
влажного способа	49
влажной постели	49
влажные корни	49
влажном листе	49
влажные джунгли	49
влажные понижения	49
влажного района	49
влажной лапки	49
влажным улицам	49
влажной головой	49
влажных кустов	49
влажную отмель	49
влажным полотном	49
влажные угли	48
влажного потока	48
влажном черноземе	48
влажное сияние	48
влажными кустами	48
влажной полосы	48
влажные варианты	48
влажностной режим	48
влажном шуме	48
влажная теплынь	48
влажные карие	48
влажных листов	48
влажным поверхностям	47
влажный снежок	47
влажностном состоянии	47
влажного шлама	47
влажные кисти	47
влажные стенки	47
влажными розами	47
влажные низины	47
влажными образцами	47
влажностным состоянием	47
влажные крылья	47
влажных сев	47
влажный жир	47
влажный сквозняк	47
влажнонеустойчивой стратификации	47
влажная галька	47
влажных впадинах	47
влажных щек	47
влажными стенами	47
влажную постель	47
влажный огонь	46
влажным золотом	46
влажные комки	46
влажными углами	46
влажный тампон	46
влажная муть	46
влажной тишины	46
влажной камер	46
влажных початков	46
влажные волокна	46
влажным пятном	46
влажный хрип	46
влажных низменностях	46
влажным хрипом	46
влажные отблески	46
влажной древесиной	46
влажным полям	46
влажный затылок	46
влажной печалью	46
влажно стью	45
влажностных градиентов	45
влажной ее	45
влажную скамейку	45
влажные снежинки	45
влажная волна	45
влажную пасть	45
влажной испариной	45
влажный локон	45
влажной природы	45
влажные лица	45
влажные потоки	45
влажный дерн	45
влажную полосу	45
влажного щебня	45
влажных пней	45
влажной эпохой	45
влажные деревья	44
влажными кормосмесями	44
влажным куском	44
влажны глаза	44
влажными месяцами	44
влажную соль	44
влажной рубашке	44
влажные территории	44
влажной заре	44
влажного воз	44
влажных стенок	44
влажных деревьев	44
влажный отпечаток	44
влажной волной	44
влажная паутина	44
влажными ладони	44
влажном запахе	44
влажных меж	44
влажною пустыней	44
влажное сукно	43
влажными тропиками	43
влажными пальчиками	43
влажной тряпке	43
влажные носы	43
влажный запахъ	43
влажных джунглей	43
влажную шинель	43
влажная стезя	43
влажную «	43
влажной ладошкой	43
влажные сети	43
влажных тканей	43
влажная подстилка	43
влажные сощуря	43
влажные «	43
влажная тундра	43
влажной красоте	43
влажными грунтами	43
влажный пласт	42
влажным долинам	42
влажные губки	42
влажных равнинах	42
влажных туч	42
влажную ручку	42
влажными биотопами	42
влажные рельсы	42
влажное марево	42
влажный куст	42
влажному лесу	42
влажные белки	42
влажную трубку	42
влажной тяжестью	42
влажные предметы	42
влажных газет	42
влажный сыр	42
влажными комьями	41
влажное биенье	41
влажными красками	41
влажных поймах	41
влажный конец	41
влажной шинели	41
влажными грудами	41
влажную бурку	41
влажную гальку	41
влажном рте	41
влажными волнами	41
влажным сезонами	41
влажных нимф	41
влажной эпохе	41
влажной луговой	41
влажные перила	41
влажный мрамор	41
влажные листочки	41
влажные ягоды	41
влажным стенкам	41
влажною лапкой	40
влажная кора	40
влажный шарик	40
влажный узел	40
влажный листок	40
влажный навоз	40
влажные зерна	40
влажными телами	40
