water	872198
air	326442
weather	293140
climate	192697
day	170890
bath	155006
place	150899
summer	120116
room	101626
feeling	100752
friend	100710
heart	95426
glow	84531
smile	80456
clothing	76239
spring	75443
sun	74877
reception	74311
milk	73662
blood	69454
bed	66238
friendship	64723
body	62293
affection	60167
hand	59997
breath	59473
season	57978
night	56486
sunshine	49019
wind	48744
front	48471
clothes	46470
temperature	45949
color	44806
welcome	41072
breeze	40851
blanket	40482
light	38908
country	37727
embrace	37350
evening	36281
interest	36213
sea	35551
fire	33149
sympathy	32650
month	31449
relationship	31148
period	30585
greeting	28526
spot	28477
regard	28317
afternoon	27916
winter	27428
rain	27334
thanks	27108
region	26881
up	26204
house	25694
current	25247
tone	24769
hospitality	23383
skin	23261
support	23112
surface	22864
debate	22834
atmosphere	22645
sand	22418
admirer	21066
approval	20619
environment	20579
drink	20040
flesh	19977
coat	19959
colour	19511
appreciation	19106
solution	18947
attachment	18613
ray	18260
sunlight	18037
food	17514
supporter	16807
response	16353
admiration	16306
area	16270
inside	16222
morning	16203
shower	16200
word	16094
ocean	15686
hug	15628
love	15332
advocate	15311
praise	15297
compress	15206
lip	15132
condition	15083
side	15044
liquid	14519
beer	14449
part	14039
kitchen	13909
soil	13817
kiss	13720
tear	13580
letter	13355
discussion	13337
spell	13332
expression	13122
brown	13051
corner	12989
earth	12796
tribute	12600
bread	12553
sector	12473
imagination	12308
memory	11996
oil	11980
congratulation	11947
meal	11718
pool	10897
voice	10846
oven	10835
handshake	10652
saline	10625
fur	10625
salt	10622
nest	10430
June	10158
one	10010
personality	9965
touch	9814
fomentation	9738
relation	9683
term	9621
tea	9605
sense	9396
finger	9356
wave	9286
autumn	9217
fluid	9217
towel	9154
iron	9149
sensation	9144
family	9137
plate	9081
life	9075
arm	9044
home	8889
commendation	8588
thing	8553
gratitude	8540
pressure	8494
smell	8230
applause	8197
stove	8185
greenhouse	8072
work	8015
serving	7990
stone	7882
invitation	7881
dispute	7868
stream	7787
September	7787
breast	7764
cloak	7761
Gulf	7719
land	7697
cloth	7663
encouragement	7651
person	7642
jacket	7631
wine	7606
eye	7570
situation	7543
application	7474
boot	7473
mouth	7336
hearth	7210
approbation	7185
darkness	7102
flannel	7095
rock	7077
latitude	7063
ash	6944
platter	6935
tint	6920
emotion	6859
cheek	6753
comfort	6691
humanity	6689
stage	6664
desire	6558
covering	6526
flush	6468
shelter	6458
valley	6436
grasp	6259
scent	6189
palm	6175
wall	6162
hue	6112
garment	6056
wish	5993
August	5901
July	5896
soup	5862
enthusiasm	5803
poultice	5770
honey	5762
wood	5604
layer	5487
Sunday	5486
phase	5483
core	5479
time	5437
grass	5379
man	5348
chocolate	5282
year	5266
bathing	5260
look	5162
zone	5161
sweater	5157
coffee	5154
desert	5132
spirit	5128
face	5102
tongue	5031
friendliness	5031
cup	5029
April	5007
rush	4976
shawl	4959
recommendation	4913
foot	4912
soap	4910
soak	4888
object	4885
ground	4885
shade	4853
cloud	4809
bowl	4790
fuzzies	4717
today	4679
clasp	4673
caress	4660
contest	4647
sentiment	4584
sock	4563
alcohol	4502
shadow	4494
tap	4486
outside	4465
South	4381
brick	4370
hearted	4364
cover	4358
acceptance	4347
ischemia	4324
October	4265
end	4245
chamber	4219
supper	4213
sleeping	4194
tub	4166
fireside	4128
controversy	4128
wool	4116
woolen	4104
fall	4103
acknowledgment	4001
mineral	3988
gas	3984
nature	3937
breakfast	3932
robe	3932
beam	3925
bosom	3912
glass	3900
south	3896
living	3895
zeal	3856
glove	3836
drop	3829
woman	3776
mist	3762
wax	3758
eulogy	3710
manner	3695
colouring	3691
border	3688
pack	3676
interior	3638
woollen	3607
dust	3592
contact	3589
tide	3562
impulse	3554
material	3538
temper	3496
opposition	3490
event	3486
presence	3470
passion	3467
note	3464
tortilla	3456
quarter	3427
start	3426
flow	3397
moisture	3380
thought	3354
red	3337
dinner	3327
receptor	3322
people	3316
devotion	3304
sound	3303
bottle	3294
cream	3287
antibody	3259
car	3242
sky	3215
adherent	3214
intimacy	3195
cocoon	3190
sheet	3187
wetness	3180
dish	3156
wrap	3150
flood	3149
infusion	3148
steam	3141
mixture	3127
way	3125
cabin	3119
Saturday	3106
overcoat	3105
circle	3100
understanding	3093
broth	3079
concern	3067
mass	3062
interval	3062
mud	3053
river	3024
yellow	2990
weight	2980
world	2953
vapor	2945
temperament	2927
quilt	2925
gold	2917
beach	2874
gruel	2873
ale	2857
apartment	2836
rug	2818
message	2801
farewell	2796
vapour	2795
lake	2794
neck	2780
apple	2765
fragrance	2757
cake	2744
hope	2722
Pacific	2720
engine	2713
gaze	2711
glance	2709
brandy	2632
hollow	2592
stocking	2585
roll	2569
vinegar	2566
endorsement	2564
washcloth	2560
defender	2539
metal	2522
altercation	2516
meat	2516
motion	2501
trickle	2490
position	2478
engagement	2467
assurance	2462
butter	2460
underwear	2442
sauce	2441
fellowship	2424
hour	2424
location	2422
pleasure	2419
blush	2415
haze	2400
softness	2400
potato	2400
head	2387
building	2355
egg	2353
advection	2342
state	2325
chest	2314
site	2307
precinct	2297
Water	2278
space	2277
security	2277
spray	2276
hat	2271
remonstrance	2269
sitz	2268
conversation	2264
hip	2262
temperate	2257
satisfaction	2256
partisan	2255
grip	2252
heat	2247
salad	2239
eulogium	2212
slope	2207
surroundings	2198
appeal	2187
radiance	2179
language	2163
feel	2157
floor	2146
curve	2141
syrup	2137
mash	2133
speech	2131
rice	2124
orange	2121
coloring	2117
companionship	2109
handclasp	2097
beverage	2086
cordiality	2078
seat	2074
cap	2074
feather	2067
clime	2064
wash	2061
velvet	2054
shoulder	2034
strength	2033
buff	2028
animal	2013
respect	2003
shake	1982
belly	1982
biscuit	1977
March	1976
fog	1973
silence	1973
soda	1972
esteem	1964
dusk	1964
gust	1961
action	1957
sunbeam	1949
barn	1946
silk	1937
amber	1928
odor	1926
moment	1917
loaf	1913
pulse	1906
laughter	1905
profession	1882
recognition	1878
dress	1876
encomium	1870
medium	1870
fireplace	1868
center	1860
district	1859
mother	1855
goat	1853
pink	1844
tonight	1841
cave	1833
plain	1825
bond	1822
garden	1821
thigh	1818
cooky	1817
sweat	1809
fold	1798
tie	1785
attitude	1779
suds	1776
mitten	1773
energy	1772
mug	1768
tropic	1766
beauty	1752
November	1751
laugh	1751
fancy	1746
out	1746
gush	1743
lap	1741
douche	1736
hut	1732
California	1731
office	1727
twilight	1725
noon	1711
remembrance	1709
sulphur	1688
cellar	1687
bedding	1687
grin	1685
belt	1678
depth	1675
episode	1674
taste	1673
grey	1670
stable	1670
benevolence	1664
reality	1649
slipper	1646
liquor	1634
rapport	1628
thrill	1617
humor	1609
bubble	1603
ups	1600
lowland	1595
chicken	1587
stimulus	1581
snow	1576
urine	1574
address	1572
reply	1568
seawater	1566
flame	1565
fruit	1565
delight	1564
patch	1558
green	1552
surge	1547
quality	1541
leather	1537
roof	1535
patriot	1525
hair	1524
corpse	1520
peace	1519
nook	1518
shirt	1518
soapsuds	1510
box	1502
aroma	1501
piece	1500
womb	1498
plasma	1497
line	1493
tingle	1488
recollection	1487
attention	1483
setting	1480
blue	1479
pocket	1477
sleep	1474
argument	1472
enema	1467
storage	1464
gesture	1463
type	1458
sepia	1456
afterglow	1449
ear	1449
December	1440
sunset	1438
defence	1436
half	1434
substance	1431
lover	1430
extremity	1430
sake	1430
panegyric	1429
tingling	1426
liking	1417
mantle	1415
haven	1415
advocacy	1410
baby	1406
camaraderie	1404
scarf	1402
ischaemia	1399
kind	1397
decoction	1397
radiator	1395
patron	1391
forest	1389
eddy	1385
impression	1385
correspondence	1381
toast	1381
gray	1380
exchange	1378
corn	1378
tent	1375
flank	1374
reunion	1374
breathing	1367
suit	1366
men	1363
stillness	1362
champagne	1362
fiber	1356
effect	1346
stuff	1339
muscle	1328
story	1309
cotton	1308
hood	1306
ivory	1305
ice	1304
moonlight	1303
hay	1295
island	1291
lunch	1288
soul	1287
window	1285
hole	1285
faith	1274
exposure	1271
tenderness	1270
shore	1270
Spring	1267
compassion	1266
field	1255
influence	1253
sweetness	1250
anomaly	1248
hello	1245
squeeze	1242
wing	1241
juice	1240
generosity	1239
partizan	1238
epoch	1221
treatment	1220
draft	1220
stall	1218
joy	1215
fabric	1214
Florida	1209
blast	1209
bedroom	1206
bundle	1204
coal	1204
maple	1199
compliment	1199
ambience	1197
image	1196
carcass	1195
ember	1195
working	1194
sugar	1192
pair	1191
association	1191
cow	1188
portion	1186
February	1183
blaze	1183
disposition	1182
bank	1181
reflection	1179
carpet	1174
knife	1172
section	1165
hall	1165
dampness	1163
underclothing	1162
Mediterranean	1158
dressing	1155
puppy	1154
smoke	1152
fauna	1148
reaction	1146
gleam	1144
locality	1144
May	1144
bran	1140
shock	1136
familiarity	1135
peach	1135
week	1134
complexion	1129
chestnut	1129
weekend	1127
pond	1124
lighting	1124
standby	1121
straw	1119
linen	1117
ether	1114
sincerity	1112
frame	1110
character	1110
chimney	1109
January	1109
picture	1108
sitting	1105
comforter	1101
perfume	1096
expostulation	1094
community	1088
experience	1083
kindness	1081
review	1079
lodging	1077
shallow	1076
autoantibody	1075
bunk	1075
brine	1070
cinnamon	1066
vegetable	1064
forehead	1060
lining	1060
slide	1060
anticyclone	1059
pita	1054
effusion	1051
piety	1051
shoe	1050
protection	1049
source	1049
berth	1045
promise	1043
confidence	1042
indoors	1042
coast	1039
interaction	1039
sensibility	1035
aspect	1034
fountain	1031
diluent	1031
rolling	1029
autoimmune	1026
closeness	1025
flour	1022
threshold	1022
pillow	1022
croissant	1020
introduction	1013
Kuroshio	1012
ovation	1009
chuckle	1007
return	1006
ambient	1006
drizzle	999
mortar	997
perspiration	996
Friday	996
champion	995
acid	990
retreat	990
tar	989
shiver	988
gown	984
constitution	982
chinook	981
human	980
ochre	979
muffin	977
opponent	976
contentment	976
gules	974
SST	972
description	972
cooperation	970
trail	969
fleece	969
paraffin	962
exhortation	961
versus	960
exhalation	960
Atlantic	959
background	955
Japan	954
ball	952
ally	952
comradeship	952
midday	946
couch	946
protestation	944
caramel	943
group	942
disease	935
refuge	934
defense	934
throat	933
rinse	931
round	930
puff	928
self	925
testimony	923
lagoon	921
odour	918
dream	917
dark	915
mid	915
sudsy	914
cocoa	912
leg	912
deck	911
cell	908
cannonade	906
electron	905
injection	905
gutta	904
column	903
anticipation	902
exhaust	897
moistness	895
back	895
salutation	892
ring	892
care	891
leaf	889
sympathizer	889
hide	885
blooded	883
loyalty	881
pipe	879
incubator	879
hillside	878
thee	877
tile	877
indignation	876
punch	876
pot	871
lemonade	866
contrast	865
satin	864
coverlet	864
tan	863
Coke	859
firelight	858
bag	847
manure	845
sigh	845
confines	844
parent	843
apricot	842
mustard	839
tender	838
sheepskin	836
contention	834
limb	834
sodium	832
recess	832
palette	832
Sun	831
parlor	831
scene	828
demonstration	825
pasta	824
stomach	824
scone	823
safety	822
gulf	822
horse	819
gale	819
hotel	819
herb	817
beige	817
skirmish	816
clay	815
excitement	814
vitality	812
ENSO	812
pavement	811
stratum	810
cider	810
draught	808
stickiness	808
asphalt	807
nose	807
sponge	805
co	805
mountain	804
grain	801
can	798
slice	797
whirlpool	796
humidity	794
happiness	792
down	789
saltwater	786
texture	786
Love	784
gin	783
marble	783
Christmas	783
felicitation	781
Indian	778
style	775
copper	774
goodbye	773
pine	772
connection	772
bar	771
approach	771
harmony	770
oatmeal	768
petticoat	765
dining	765
spice	763
link	762
updraft	759
centre	758
dung	757
bay	757
patriotism	756
street	754
protest	754
purple	753
conviction	753
gelatin	751
child	748
Earth	746
Ringer	743
bathroom	743
hill	743
acknowledgement	740
cottage	739
company	738
pan	737
pursuit	736
lodge	732
detergent	730
ridge	729
city	728
surf	728
wrapping	727
church	725
Chinook	725
reassurance	725
stratification	722
wrapper	720
reference	717
molasses	716
Summer	715
dough	713
stock	711
lotion	711
chair	711
habitat	710
appearance	708
pastry	704
lead	704
bean	704
cushion	698
tomato	698
conveyor	696
piss	695
press	694
element	693
lamplight	693
prayer	691
tube	690
youth	690
jet	688
restart	687
brightness	687
charm	686
girl	685
moon	683
tonality	682
call	681
party	676
relief	671
puddle	670
nostalgia	667
pie	666
talk	664
linseed	663
content	661
study	661
jar	661
pajama	660
bun	659
gloom	658
sensuality	656
pride	656
den	653
cycle	653
liver	653
meeting	652
whisper	651
inland	649
rum	648
turf	646
napkin	645
accent	643
bias	643
glaze	638
father	638
pudding	637
seed	636
ammonia	636
individual	636
cheer	633
dwelling	632
swimming	631
cataplasm	629
bear	628
form	627
Weather	627
cape	626
while	623
lamp	622
trade	622
baritone	622
classroom	622
turpentine	622
testimonial	621
whiskey	620
point	619
underclothes	618
charity	618
burst	616
cheese	615
bit	612
parlour	612
solicitude	610
edge	609
gun	607
blessing	607
ginger	605
cradle	604
companion	602
El	602
cupboard	601
encounter	601
Agulhas	600
irrigation	599
North	598
vest	597
glue	596
parka	595
closet	593
brew	590
cast	589
shop	589
daylight	588
service	586
host	585
set	584
pit	581
cab	581
star	581
concrete	580
comment	579
entrails	579
trouser	579
occlusion	578
AIHA	575
pastel	574
attack	574
abode	574
band	572
bedclothes	571
housing	571
cavern	571
beef	569
steel	568
pad	567
courage	564
flower	561
ethanol	559
responsiveness	559
fish	559
kindliness	559
nursery	558
basket	557
dirt	556
PBS	554
expectation	554
New	551
component	551
salute	550
porridge	550
throbbing	549
category	549
absorber	548
aura	548
cookie	546
brow	546
Texas	540
needle	540
bird	539
loam	538
grease	538
Caribbean	537
agar	536
resentment	536
regime	535
paper	535
teacher	534
plaid	532
undertone	532
conflict	530
microclimate	530
instrument	529
walk	529
humour	529
formula	529
pant	529
plaster	528
acetone	527
peak	527
continent	525
stool	524
muzzle	523
holiday	523
conservatory	523
agreement	522
violet	522
camp	521
restaurant	521
basement	521
creature	521
article	520
benzene	519
uniform	519
brush	518
cot	518
dog	517
pulsation	516
outpouring	515
bathwater	515
buffalo	513
cherry	513
dew	512
mood	511
entreaty	510
log	510
outdoors	508
patronage	508
simplicity	507
gingerbread	506
right	506
bulk	504
answer	504
rubber	504
reboot	503
range	503
Air	503
chamomile	502
discharge	501
board	500
raindrop	499
acquaintance	499
slab	499
buzz	499
candlelight	498
footbath	497
path	496
splash	494
brain	494
vibration	493
dawn	490
drawing	487
patina	486
underfoot	486
fat	486
cement	483
garlic	482
passage	482
concurrence	481
account	480
sesame	480
burrow	480
sort	480
silver	480
whey	479
hedge	478
product	478
base	476
custard	476
flavor	476
request	475
curl	475
mercury	474
reservoir	474
mound	473
laboratory	473
bacon	471
zephyr	471
vein	470
bottom	470
politician	470
white	469
thermal	468
duck	468
basin	467
spatula	466
crib	466
cloathing	466
fingertip	465
smoothness	465
store	465
Coca	465
ledge	464
jersey	463
aqueous	463
interglacials	462
cafe	461
tenement	461
spark	460
sandstone	460
medicine	460
mahogany	459
shaft	459
ambiance	459
length	458
portrait	458
effluent	458
ooze	457
humanism	457
sensitivity	457
secret	456
campfire	456
enclosure	456
being	456
springtime	456
meadow	455
cage	454
process	453
pallor	453
lump	453
interlude	452
tissue	452
saliva	450
richness	450
declaration	449
stew	449
hearthstone	446
market	444
offshore	442
spinach	442
stroke	442
chloroform	441
paw	441
starch	441
flash	440
relaxation	440
espousal	439
ripple	439
bronze	438
crust	438
inn	438
doughnut	438
terra	436
walking	436
pile	434
barrack	433
tinge	432
sanctuary	432
eloquence	432
telegram	431
fellow	430
ammonium	429
courtesy	429
curtain	428
waistcoat	428
believer	425
moss	425
candle	424
salmon	424
planet	423
oak	423
struggle	421
repose	421
affair	421
glycerin	420
assent	419
pulsing	418
West	417
principle	415
promoter	415
timbre	415
deformation	414
communication	413
cinder	413
Day	413
tank	409
nut	408
fibre	408
granite	408
ride	407
music	406
sensor	406
rag	405
drift	405
Arctic	404
sherry	403
whiff	403
decor	403
russet	403
lyricism	402
castor	402
pitch	402
brilliance	402
nightgown	402
song	401
plant	401
almond	400
overnight	399
glacier	399
bloom	398
bathrobe	398
regret	398
melody	398
cat	397
mess	397
hum	396
splendour	395
habitation	395
feed	395
alkali	394
blueberry	394
resistance	393
display	393
hospital	392
sack	391
power	390
corps	390
audience	389
carbolized	389
shape	388
fight	387
tree	387
shelf	386
fashion	386
reminiscence	386
heating	384
mould	383
swamp	383
furnace	383
school	381
childhood	381
assistance	380
bathtub	380
brownie	380
southwest	379
whiteness	379
phrase	379
virtue	378
gelatine	377
jungle	377
whisky	377
solicitation	376
stimulant	376
healing	376
illumination	375
top	375
aspiration	375
fug	375
belief	375
periphery	375
imprint	374
Wednesday	374
yesterday	374
taffy	374
swell	374
root	373
dessert	373
partiality	371
greatcoat	370
nourishment	370
lard	370
boracic	369
mush	369
tip	369
hath	369
partisanship	368
compaction	368
scribe	368
unit	367
landscape	367
vote	367
skim	367
compartment	367
figure	366
developer	366
Bath	366
slop	366
streak	365
reminder	365
pen	365
paste	365
gear	365
road	365
acclimation	365
carbolic	364
pat	364
plastic	363
cereal	363
bagel	363
library	363
tenor	362
well	362
shell	362
waste	362
luxury	362
corridor	361
container	361
Fig	361
throb	360
remark	359
languor	359
noonday	359
idea	359
fullness	358
mattress	358
blackness	357
Monday	357
vinaigrette	357
lobby	355
kinship	355
carriage	355
empathy	354
tureen	354
film	354
humanitarianism	354
sap	352
pelt	351
solidarity	351
philanthropy	351
kennel	350
enthusiast	350
buttermilk	349
Climate	349
acclaim	349
banana	348
methanol	348
propagating	348
sheep	347
litter	347
lair	346
celebration	346
sandwich	346
amusement	345
case	344
adherence	344
bandage	343
jelly	343
oscillation	342
skirt	342
help	342
Thursday	342
glint	342
splendor	341
crevice	341
muffler	341
spoon	340
hold	340
statement	340
discourse	340
solvent	339
heartedness	339
stench	338
sympathiser	338
panegyrist	338
monsoon	337
aqua	337
agglutinin	337
signal	337
bench	337
close	337
culture	337
limestone	337
reset	336
pediluvium	336
potassium	336
Reception	334
table	334
household	334
coconut	334
attic	333
Debate	333
boundary	333
behavior	333
west	333
subject	332
geniality	331
cavity	331
cleansing	331
feature	330
nodule	330
ion	329
glory	328
session	327
spontaneity	327
gum	327
barrel	327
Mozambique	326
vanilla	326
black	326
extrusion	325
truck	325
serenity	324
friction	324
berry	324
enemy	324
sawdust	323
highlight	322
stimulation	322
heap	322
drinking	321
washing	321
cylinder	321
plum	321
junction	321
book	320
foam	320
midsummer	320
carbon	319
thyself	318
pancake	318
vodka	318
inclination	317
loveliness	317
coziness	317
lobster	317
wire	317
boulder	316
rivulet	316
appraisal	315
cooling	315
resolution	315
fermentation	315
plea	315
vehicle	314
thatch	314
demeanor	314
goodwill	314
intercession	313
strain	313
Imagination	312
surprise	312
Bed	312
apparel	312
Black	312
member	312
acclamation	311
strawberry	311
size	310
change	310
drowsiness	309
applesauce	309
tunic	309
pity	309
pole	309
moccasin	309
aromatic	309
age	308
remains	308
damp	308
favourite	307
victual	307
fume	307
microclimates	307
torrent	307
consciousness	307
intensity	307
vessel	307
moonlit	306
tomorrow	306
affirmation	306
participation	306
tweed	306
ache	305
garage	305
tunnel	305
mat	305
guy	305
good	305
shine	305
oasis	305
disciple	305
interglacial	304
gravel	304
wife	304
adieu	304
cardioplegia	303
coil	303
something	303
pullover	303
homecoming	303
windowsill	303
pizza	302
branch	302
peanut	302
coin	302
war	302
bus	301
slime	300
pear	299
specimen	299
fuzziness	299
hardness	298
test	298
bulb	298
steppe	298
sausage	298
visit	298
activity	298
station	298
twinkle	296
canvas	296
toddy	295
owing	295
oyster	295
shed	294
intelligence	294
vision	293
condenser	293
jumper	293
balm	292
airstream	292
hemisphere	291
tallow	291
instinct	291
era	291
knee	291
treacle	291
level	289
droplet	289
Room	289
inspiration	289
sheen	289
movement	288
specie	288
pediluvia	287
persuasion	287
semen	286
Kuro	286
diet	286
SSTs	286
baguette	285
particle	284
sample	284
Tuesday	284
allegiance	284
oxygen	283
ocher	283
onion	283
farmhouse	282
ardor	282
prospect	282
spurt	282
Arizona	281
Santa	281
mix	280
aperient	280
barley	280
halo	279
billet	279
Climates	279
operating	279
bubbling	278
anodyne	277
filling	277
walnut	277
spread	277
studio	277
undergarment	276
saloon	276
eagerness	274
petroleum	274
gargle	274
permafrost	274
consideration	273
gravy	273
collegiality	273
reek	272
view	270
incense	269
interchange	269
abrazo	269
finish	269
undercurrent	268
system	268
pub	268
reconciliation	268
bourbon	268
port	267
pussy	267
run	267
ingredient	267
kang	267
Brazil	266
bonnet	265
hydrogen	265
square	265
suggestion	265
town	264
Blood	264
bichloride	264
knowledge	264
baking	264
chill	264
expanse	264
Georgia	264
House	264
San	263
lung	263
involvement	263
envelope	263
Pepsi	262
high	262
ceiling	262
midnight	262
cornbread	261
glycerine	261
stretch	261
male	261
slack	261
roast	261
fun	261
pelisse	260
combination	260
domesticity	260
forging	260
longing	260
matter	260
hanging	259
train	259
door	258
outfit	258
heaviness	257
pall	256
jam	254
grape	254
calm	254
lore	254
Sargasso	253
pattern	253
flatiron	253
negus	252
offer	252
opposer	252
bone	252
intercourse	252
niche	252
freshness	251
massage	251
representation	251
championship	250
Sundays	250
dilute	250
gathering	249
pork	249
quiet	249
emanation	249
hallway	249
earlier	249
gut	249
dedication	249
tool	248
channel	248
beat	248
business	248
poppy	248
Virginia	247
beginning	247
camphorated	247
lady	247
pouch	246
rest	246
yeast	246
murmur	245
hush	245
wheat	245
hiding	244
sociability	243
alliance	243
i	243
sensuousness	243
ardour	243
hammock	242
pain	242
storm	242
intercloud	241
parcel	241
predilection	241
sperm	241
melting	241
direction	240
conviviality	240
fondness	240
rosebud	240
seal	239
fortune	239
filtrate	239
lava	238
Southland	238
drying	238
favour	238
plume	237
enveloping	237
sienna	237
glare	237
mold	237
decade	237
transport	237
vent	237
Tsushima	237
opening	236
immediacy	236
benefice	235
curiosity	235
proximity	235
buttock	235
cleft	234
rhythm	234
eiderdown	233
asparagus	233
adult	233
dip	233
slumber	233
gratification	232
duvet	232
monomictic	232
Cokes	232
f	232
competition	231
romance	231
nurturing	231
step	231
century	230
essence	230
track	230
sidewalk	230
blend	230
boy	230
pyjama	230
crepe	229
re	229
th	229
mind	229
variety	229
ethyl	229
discomfort	228
rust	228
footwear	228
shingle	228
syringe	228
peat	228
pitta	228
Place	228
cooking	228
beast	228
mansion	228
IV	228
underneath	228
instance	228
epilimnion	227
list	227
marsh	227
glasshouse	227
north	227
magic	226
clover	226
stratosphere	226
induction	226
blur	226
zealot	226
resonance	225
property	225
truth	225
echo	225
organ	224
Heart	224
lick	223
waterfall	223
popcorn	223
Debates	223
combat	223
seafood	223
starlight	223
buffer	223
Milk	222
stain	222
uterus	222
limit	222
briefly	222
sparkle	222
travelling	222
patient	222
agarose	222
vindication	222
abdomen	221
harvest	221
flue	221
adhesion	221
grassland	221
Southern	220
ablution	220
mean	220
gel	220
brother	220
rabbit	220
firmness	220
pebble	220
oblivion	220
excess	220
brioche	220
raspberry	219
turquoise	219
pasture	219
fudge	219
notice	219
backing	219
joint	219
cabbage	219
solidity	218
battle	218
item	218
motor	218
Figure	218
eulogist	218
communion	218
gladness	217
hose	217
mine	217
utterance	216
auto	216
job	216
emulsion	216
ferment	216
nakedness	215
conditioning	215
contralto	215
flicker	215
incandescent	215
bark	215
accommodation	215
canyon	214
coating	214
coke	214
interview	214
homage	214
Federalist	214
snack	213
benediction	213
protector	213
neutral	213
structure	213
curd	213
bearskin	212
grate	212
Christians	212
lounge	212
regimen	211
blade	211
affirmative	211
scarlet	211
parting	211
optimism	211
none	211
tavern	211
machine	211
cluster	210
chord	210
informality	210
stickler	210
luster	210
portrayal	209
play	209
filter	209
fist	208
raiment	208
laundry	208
carbol	208
martini	208
version	207
nipple	207
impulsiveness	207
slave	206
plaudit	206
incubation	205
equator	205
vale	205
trunk	205
gentleness	205
sonority	204
sheath	204
ing	204
oneself	204
bite	203
a	203
Epsom	203
cola	203
growth	203
sleeve	203
pop	203
terrace	203
chat	202
token	202
H	202
sewage	202
Friend	202
resin	202
bucket	201
adobe	201
cool	201
Springs	201
strip	201
globe	200
handle	200
rose	200
toe	200
heaven	200
lamb	200
crowd	200
lye	200
foothill	200
lather	200
affusion	200
farm	199
contour	199
affinity	199
watch	199
lifeblood	198
key	198
manifestation	198
gushing	197
reverence	197
insistence	197
fact	196
elegance	196
sunrise	196
wrist	196
comedy	196
wit	196
dancing	196
effort	195
jail	195
serge	195
ghee	194
turn	194
saltiness	194
consanguinity	193
wastewater	193
rye	193
certainty	193
tale	193
gift	193
ski	193
advice	193
schoolroom	193
peasant	192
tolerance	192
performance	192
grace	191
supply	191
noodle	191
ankle	191
put	191
compost	191
legging	191
armpit	191
eve	190
dryness	190
London	190
degree	190
theatre	190
nearness	190
oat	190
saki	189
extreme	189
block	189
will	189
caring	189
tin	189
cognac	188
show	188
wonder	188
receptivity	188
chin	187
anxiety	187
collar	187
composition	187
confusion	186
mead	186
yang	186
backup	186
muff	186
t	186
cli	185
posset	185
others	185
earnestness	185
camel	184
scale	184
flutter	184
skirmishing	184
journey	184
nostril	183
East	183
sermon	183
rhetoric	183
painting	183
creation	183
scallop	182
vivacity	182
tradition	182
disputation	182
province	181
seaside	181
prey	181
waist	181
lustre	181
cuddle	181
southland	181
cabinet	181
dimness	181
fantasy	180
favor	180
control	180
und	180
existence	180
udder	180
plunge	180
campaign	179
brooder	179
Paris	179
Baths	179
sulfur	178
loft	178
wisdom	178
upholder	178
sponging	178
Catholic	177
horizon	177
brass	177
bass	177
rejoinder	177
crook	177
susceptibility	177
forenoon	177
flaxseed	177
nitrogen	177
skillet	176
mirror	176
refrigerant	176
parenting	176
bouillon	176
reciprocation	176
trace	175
Scotch	175
gauze	175
funnel	175
foie	175
radiation	174
attraction	174
tarmac	174
compound	174
cardigan	174
accord	174
charcoal	174
boiler	174
mystery	174
creek	174
terry	174
nutrient	174
firelit	173
string	173
methyl	173
thankfulness	173
stupe	173
inscription	173
substrate	173
hostess	173
husband	173
republican	172
reading	172
votary	172
mode	172
lime	172
butterscotch	172
homespun	172
effulgence	172
tart	172
suffusion	172
Fire	171
occasion	171
illusion	170
musk	170
flushing	170
pigment	170
femininity	170
worm	170
Easter	170
receptacle	170
Alaska	170
value	169
tangle	169
shrimp	169
warm	169
stabling	169
shot	169
indulgence	168
bodily	168
downpour	168
reproach	168
drawer	168
rainfall	168
mushroom	168
openness	168
attire	168
everything	168
paint	168
booting	168
airflow	168
conception	167
opinion	167
flask	167
exercise	167
ISM	167
fighting	167
isle	166
hive	166
dryer	166
glitter	166
cunt	166
cadaver	166
frock	166
collaboration	165
velvety	165
tickle	165
birth	165
caressing	165
outburst	165
singing	165
fraternity	165
beeswax	164
redness	164
cut	164
inquiry	164
advance	164
cordial	164
goose	164
nightcap	164
God	164
luncheon	164
togetherness	163
balsam	163
thanksgiving	163
underpainting	163
reindeer	163
accolade	163
detail	163
pee	163
shimmer	163
monument	163
bedcover	162
preparation	162
vintage	162
apology	162
sod	162
nighttime	162
flagstone	162
trust	162
sex	162
death	162
horseflesh	161
target	161
ghost	161
sting	161
Men	161
Winter	161
j	161
emphasis	161
consolation	161
goodness	160
bead	160
exterior	160
awareness	160
spittle	160
pretzel	160
ravishment	160
bliss	159
grave	159
fuel	159
release	159
digestion	159
ease	159
Christian	159
trough	159
prestressing	159
tremor	159
imagery	159
son	159
enjoyment	158
vehemence	158
duct	158
humanness	158
sweatshirt	158
retort	158
disinfectant	158
coloration	158
sentimentality	158
ham	158
exclamation	158
poncho	157
flavour	157
disk	157
thread	157
camomile	157
calling	157
rainwater	157
sleeper	156
acoustic	156
prison	156
sage	156
carcase	156
hemolysin	156
Miami	156
paradise	156
brickwork	155
leave	155
prairie	155
countenance	155
groundwater	155
toffee	155
welcoming	155
sendoff	155
wel	155
motel	155
savanna	155
morn	155
hint	155
gentleman	154
coach	154
Bathing	154
yer	154
turkey	154
shack	154
emotionalism	154
wound	154
Tory	154
insight	153
battery	153
teapot	153
bloodedness	153
igloo	153
glimmer	153
B	153
borax	153
Siberia	153
load	153
pineapple	153
airing	152
tract	152
Warm	152
low	152
embracing	152
germination	152
droppings	152
marinade	152
T	152
tobacco	152
noise	152
peppermint	151
result	151
apologist	151
mackinaw	151
diaper	151
rod	151
chain	151
memorial	151
vinyl	151
ship	151
mint	150
anger	150
fast	150
heater	150
subtropics	150
brunette	150
Guinea	149
drizzling	149
rumble	149
immersion	149
accusation	149
numbness	149
dialogue	149
chromic	148
electronics	148
lavender	148
sty	148
intention	148
refreshment	148
Italy	148
chunk	148
handful	148
smoking	147
lyric	147
ink	147
village	147
bulge	147
cedar	147
bracelet	147
solace	146
Tyrode	146
plank	146
vacation	146
whig	146
heather	146
HCl	145
Dispute	145
nape	145
society	145
copy	145
produce	145
crockery	145
inflow	144
vibe	144
strand	144
burner	144
design	144
equatorial	144
roughness	144
polenta	144
exuberance	143
foliage	143
residue	143
potation	143
frontal	143
lethargy	143
on	143
force	143
expansion	143
congeniality	143
Wine	143
putty	142
production	142
terracotta	142
burning	142
countercurrent	142
dishwater	142
rope	142
package	142
cashmere	141
bowel	141
crease	141
Country	141
sum	141
dignity	141
Disputes	140
serum	140
steaming	140
cattle	140
caribou	140
Southwest	140
illustration	140
report	140
saucepan	140
intestine	140
hangar	140
sandbank	140
cosiness	140
porch	140
airmass	140
anything	140
beating	140
beet	139
Blasts	139
canteen	139
overtone	139
female	139
difference	139
topcoat	139
sign	138
Season	138
bleeding	138
stink	138
crab	138
soy	138
Ale	137
shit	137
cascade	137
c	137
under	137
candy	137
timber	137
womanly	137
Locke	136
cheerfulness	136
behaviour	136
Friends	136
coadjutor	135
Louisiana	135
perception	135
folk	135
model	135
rapture	135
e	135
outflow	135
kitten	135
toluene	135
pipette	135
as	135
scalp	134
suspension	134
disapproval	134
tumbler	134
lentil	133
V	133
lassitude	133
birthday	133
A	133
breeding	133
cove	133
cache	133
nectar	133
leader	133
nod	133
invective	133
cleaning	133
fragment	133
casserole	133
register	133
guidance	133
sirocco	133
benignity	132
disapprobation	132
woodland	132
cum	132
trend	132
affectionateness	132
purgative	132
westerly	132
foyer	132
roundness	132
Tangles	132
pig	132
veil	132
burgundy	131
C	131
cliff	131
die	131
interstadials	131
azure	131
staff	131
microscope	130
destination	130
pallet	130
pitcher	130
earthiness	130
adversary	130
dressinggown	130
method	130
appetizer	130
alto	130
interstadial	129
pecan	129
print	129
spaghetti	129
limousine	129
flora	129
fervour	129
pumpkin	129
powder	129
undershirt	129
costume	129
fit	128
wooing	128
snap	128
brotherhood	128
romanticism	128
preference	128
marrow	128
crucible	128
cry	128
deer	128
shudder	128
circulation	128
filament	128
hereabouts	127
carrier	127
tire	127
aromatics	127
galley	127
householder	127
deluge	127
standing	127
thumb	127
mill	127
umber	127
sill	127
disputant	126
shaking	126
charge	126
sketch	126
Zeal	126
paleness	126
diversion	126
flat	126
dormitory	126
tummy	125
compression	125
spirituality	125
overhead	125
reperfusion	125
nerve	125
lager	125
ist	125
castle	125
cockpit	124
electrolyte	124
v	124
forceps	124
inversion	124
receiver	124
boxwood	124
feces	124
nap	124
Affection	124
Irminger	124
rise	123
emptiness	123
allusion	123
lamplit	123
micro	123
displeasure	123
sphere	123
spotlight	123
Sea	123
headgear	123
measure	122
petition	122
packing	122
commitment	122
identification	122
snake	122
newspaper	122
seclusion	122
temp	122
knot	122
molecule	122
hazel	122
Los	121
toilet	121
roller	121
make	121
sharing	121
luminosity	121
late	121
Desires	121
gasoline	121
muck	121
acquiescence	121
fig	121
weakness	121
porter	121
khaki	120
teat	120
coolant	120
proceeding	120
surtout	120
mitt	120
wear	120
obituary	120
catnip	120
act	120
poetry	120
fawn	120
negro	120
prepossession	119
politeness	119
explanation	119
oozing	119
affluence	119
clinging	119
thunder	119
ideal	119
Carolina	118
varnish	118
olive	118
Countries	118
Diet	118
unity	118
speaker	118
Nile	118
cobbler	118
fluidity	118
fan	118
thermoreceptor	118
yearning	118
perch	117
rectangle	117
stomachic	117
pencil	117
future	117
melt	117
pulp	117
game	117
sauceboat	117
assault	117
emulation	117
cause	117
enamel	117
harbor	117
chip	117
swim	117
wet	117
factory	116
trickling	116
claret	116
helium	116
ecstasy	116
assiduity	116
veneration	116
electricity	116
tendril	116
chiaroscuro	116
goo	116
confinement	116
carnation	116
boat	116
army	116
grog	116
transfer	116
enchantment	115
pearl	115
burn	115
pore	115
alcove	115
optic	115
trusting	115
interference	115
follower	115
success	115
pull	115
middle	115
probe	115
bedpan	115
sunray	115
Shetland	115
platform	115
scotch	115
name	115
rivalry	115
artesian	115
drive	114
cardioplegic	114
aloha	114
thaw	114
Adriatic	114
gaiety	114
soaking	114
icing	114
abrazos	114
bedroll	114
vermilion	114
abundance	114
tranquillity	114
mouthful	114
ward	114
enfolding	114
ad	114
Middle	113
cyclone	113
bicarbonate	113
woodstove	113
crack	113
speculum	113
clarity	113
affec	113
afghan	113
insulation	113
vagina	112
mark	112
lay	112
overture	112
Whigs	112
fidelity	112
use	112
trypsin	112
citizen	112
sight	112
playing	112
kiln	112
tail	112
Trade	112
pint	112
scheme	112
fusion	112
tray	112
sadness	112
zabaglione	112
bakery	111
HBSS	111
telephone	111
notion	111
minute	111
com	111
outerwear	111
concave	111
possession	111
outline	110
ambulance	110
torso	110
thickness	110
spa	110
criticism	110
clyster	110
volume	110
someone	110
biography	110
cloaths	110
stethoscope	110
privacy	110
Hand	109
subhumid	109
stare	109
past	109
blossom	109
gore	109
radio	109
Shrove	109
rub	109
aluminum	109
expectancy	109
indorsement	109
bough	108
editorial	108
aquarium	108
mention	108
bitumen	108
steak	108
lantern	108
Prolific	108
apron	108
in	108
Hudson	108
nothingness	108
locale	108
tug	108
memoir	108
van	107
teardrop	107
magnetism	107
doorway	107
summertime	107
silkiness	107
Sabbath	107
hors	107
federalist	107
cranberry	107
realization	107
lit	107
mothering	107
mutton	107
theater	107
freshwater	106
tightness	106
question	106
issue	106
emotionality	106
neighborhood	106
recep	106
brazier	106
territory	106
poem	106
luxuriance	106
abolitionist	106
break	106
padding	105
pistol	105
vat	105
backdrop	105
expansiveness	105
sable	105
superconductors	104
driving	104
epistle	104
evocation	104
frankness	104
triangle	104
sweating	104
Washington	104
encourager	104
brood	104
hop	104
purring	104
religion	104
nestling	104
billow	103
patio	103
comer	103
feedback	103
congee	103
marshmallow	103
lid	103
debt	103
hearty	103
condensing	103
wa	103
roost	103
feeding	103
web	103
temple	102
con	102
canned	102
need	102
quiver	102
vineyard	102
dugout	102
RPMI	102
Table	102
gushings	102
ascending	102
foil	102
peacefulness	102
guttapercha	102
page	101
inhalation	101
fervor	101
protectiveness	101
habit	101
mezzo	101
drip	101
anecdote	101
courtship	101
featherbed	101
Circulation	101
plush	101
attentiveness	101
lysol	101
graciousness	101
upholstery	101
innards	101
vacuum	101
dance	100
solitude	100
convection	100
upland	100
caboose	100
idealism	100
drawl	100
stirring	100
countryside	100
Gray	100
therapist	100
Jacuzzi	100
foreground	100
teddy	100
partnership	99
student	99
Expressions	99
burden	99
respite	99
mucilage	99
lecture	99
salsa	99
entertainment	99
Highland	99
compote	98
malt	98
mask	98
insulating	98
seduction	98
effluvium	97
chatter	97
viscera	97
dictate	97
tension	97
union	97
sanction	97
materialism	97
rim	97
teacup	97
Rooms	97
workshop	97
Desire	97
affability	97
angle	96
artichoke	96
purr	96
plane	96
jade	96
convert	96
hostility	96
paving	96
aftermath	96
evaporation	96
hen	96
noontide	96
couple	96
favorite	96
condensate	96
Fancy	96
voyage	96
rustle	96
keeping	96
ass	96
depression	95
libation	95
reprimand	95
assertion	95
wake	95
entrance	95
D	95
b	95
Mother	95
beaker	95
hunting	95
awhile	95
capacity	95
boric	95
urgency	95
county	95
overshoe	95
imaginings	95
focus	95
animation	95
dye	94
sire	94
emerald	94
tuna	94
misty	94
donut	94
bullet	94
mince	94
chlorine	94
tungsten	94
coral	94
denunciation	94
stuffiness	94
streaming	94
avowal	94
Union	94
rhubarb	94
hipbath	93
molten	93
bedchamber	93
upstairs	93
foehn	93
teak	93
slip	93
blackberry	93
statue	93
feast	93
dome	93
stack	93
petal	93
furnishing	93
undercoat	93
confession	93
spill	93
beaver	93
flight	93
impact	92
penis	92
eggplant	92
outgushings	92
fleecy	92
homeliness	92
pail	92
lemon	92
vibrancy	92
fox	92
artillery	92
perfection	92
mouse	92
salon	92
wort	92
running	92
troposphere	92
indentation	92
cod	92
comrade	92
Red	92
cock	91
money	91
slap	91
panel	91
sweep	91
distance	91
theme	91
vegetation	91
swirl	91
triumph	91
marriage	91
nursing	91
S	91
lactated	91
sink	91
poker	91
debating	91
liqueur	90
noontime	90
warmer	90
swill	90
jewel	90
prune	90
focaccia	90
willingness	90
laziness	90
appreciator	90
swelling	90
slate	90
narrative	90
methylated	90
firing	89
devotee	89
railway	89
frosting	89
dell	89
vial	89
penumbra	89
Paradise	89
platinum	89
waft	89
screen	89
sexuality	89
phone	89
Spirits	89
jug	89
sens	89
corduroy	89
fever	89
flatbread	89
tickling	88
Central	88
watei	88
glycerol	88
fuzz	88
sweet	88
w	88
Eocene	88
O	88
vibrato	88
Fehling	88
vomit	88
post	88
precipitation	87
sparring	87
pyridine	87
tapwater	87
Fanta	87
tempera	87
blow	87
Brie	87
sup	87
concoction	87
plumage	87
vortex	87
cable	87
Africa	87
patroness	87
dune	87
blizzard	86
alarm	86
obscurity	86
presentation	86
course	86
holding	86
underglow	86
transition	86
fence	86
yearround	86
moistureladen	86
Clothes	86
Clothing	86
hearthrug	86
environs	86
nurturance	86
bee	85
amyl	85
mare	85
HI	85
complaint	85
genius	85
burnisher	85
de	85
march	85
Life	85
deerskin	85
speck	85
antagonist	85
kerosene	85
jolt	84
reach	84
hearthside	84
contagion	84
southeast	84
sewer	84
sureness	84
abandon	84
passenger	84
explosion	84
indolence	84
brie	84
elasticity	84
Mississippi	84
carrot	84
kerchief	84
Guinness	84
elation	83
yogurt	83
evidence	83
trailer	83
adoration	83
yielding	83
pungency	83
bichlorid	83
s	83
denial	83
remedy	83
indifference	83
everyone	83
roosting	83
auburn	83
china	83
ripening	83
calf	83
feelin	83
grill	82
amiability	82
coolness	82
woollies	82
M	82
vigour	82
stuffing	82
sludge	82
sequence	82
hybernaculum	82
drab	82
congregation	82
Kentucky	82
tranquility	82
kidney	82
thrust	82
refrigerator	82
J	82
climb	82
consent	82
telescope	82
kettle	82
sub	81
Address	81
writing	81
euphoria	81
midmorning	81
airmasses	81
masculinity	81
colostrum	81
dove	81
spicy	81
vestibule	81
flare	81
veal	81
exertion	81
worship	81
wether	81
heartiness	81
pate	81
crush	80
quicksilver	80
proposition	80
combustion	80
snugness	80
Allerod	80
foundation	80
deep	80
ebullience	80
citrus	80
innocence	80
ruin	80
teasing	80
maximum	80
carpeting	80
tang	80
crotch	79
lettuce	79
huddle	79
sofa	79
hypotension	79
Alabama	79
canal	79
White	79
royalist	79
condensation	79
demander	79
transparency	79
steamer	79
throaty	79
persona	79
hardwood	79
counterpart	79
Budweiser	78
lapping	78
basking	78
sip	78
dislike	78
hotplate	78
gable	78
navy	78
Pliocene	78
sunlands	78
nothing	78
yard	78
animadversion	78
bile	78
cornmeal	78
number	78
laudanum	77
complacency	77
tropical	77
tartan	77
daze	77
hearing	77
John	77
treasure	77
womanhood	77
byre	77
adulation	77
er	77
detachment	77
repast	77
saddle	77
bustle	77
flux	77
realism	77
poleward	77
tilth	77
blouse	77
infant	77
wedge	76
ointment	76
nurse	76
wafer	76
lawn	76
Missouri	76
Chocolate	76
rainy	76
chili	76
Arcadia	76
election	76
canopy	76
seaweed	76
invasion	76
carbolised	76
sealskin	76
surrender	76
brownness	76
aid	76
roquelaure	76
griddle	75
paneling	75
beacon	75
club	75
hob	75
chaos	75
People	75
brilliancy	75
Advocate	75
vibrating	75
handshaking	75
resilience	75
witness	75
Hanks	75
vallies	75
delivery	75
evergreen	75
talking	75
TV	75
taupe	75
present	75
stout	75
flooding	75
Leeuwin	75
frost	75
condolence	75
Heads	75
dreg	74
shift	74
conference	74
tapioca	74
Temperate	74
residence	74
loyalist	74
morsel	74
Chicago	74
aether	74
douching	74
interpretation	74
milieu	74
horn	74
reciprocity	74
vaseline	74
ulster	74
raisin	74
humid	73
agitation	73
carbonate	73
heartbeat	73
burger	73
hollandaise	73
cardboard	73
tights	73
comb	73
rasp	73
lot	73
potash	73
Americans	73
abyss	73
chapel	73
l	73
skull	73
turtle	73
pas	73
Thanksgiving	73
delicacy	73
Autumn	73
cone	73
DMEM	73
lull	72
yerself	72
readiness	72
manhood	72
froth	72
philanthropist	72
nightdress	72
KOH	72
gym	72
trip	72
neuron	72
eyelid	72
irony	72
downstairs	72
touching	72
inlet	72
weleome	72
bonding	72
palace	72
revival	72
marine	72
outhouse	72
network	72
furniture	72
Friendship	72
characteristic	72
series	72
automobile	72
flirtation	72
rainstorm	72
underside	71
Valley	71
thermometer	71
balloon	71
authority	71
melon	71
Imaginations	71
Cold	71
crystal	71
breadth	71
ending	71
pleasantness	71
universe	71
crop	71
connotation	71
Cloth	71
snuggle	71
Orient	71
vigor	71
Carlsbad	71
void	71
soft	71
rifle	71
camera	71
Moon	71
woodwork	71
mouthwash	71
N	71
hotbed	71
kimono	71
Fall	71
college	70
goodnight	70
potion	70
Shasta	70
CO	70
cold	70
castile	70
vocal	70
lubricant	70
intoxication	70
movie	70
equipment	70
riding	70
exhilaration	70
class	70
trick	70
spectrum	70
quail	70
emollient	70
doctor	70
sealing	70
confirmation	70
Vesuvio	70
health	70
slit	70
ex	70
pipeline	70
seep	70
ambition	69
Petticoat	69
fruity	69
starting	69
wather	69
endearment	69
pumice	69
police	69
stupor	69
matrix	69
Democrat	69
eternity	69
intoxicating	69
maleness	69
bunch	69
intrusion	69
feathery	69
NaOH	69
armchair	69
clown	69
ap	69
cubicle	69
Ovaltine	69
waterbed	69
covert	69
dialysate	69
leadership	69
bunkhouse	69
vow	69
m	69
flag	68
glucose	68
cook	68
correspondent	68
warmth	68
sleepiness	68
assessment	68
spiciness	68
hiss	68
thicket	68
effusiveness	68
funeral	68
mT	68
tarte	68
America	68
heaving	68
decay	68
reverie	68
tincture	68
humaneness	68
quietness	68
candidate	68
forearm	68
armful	68
China	68
fluctuation	68
humming	68
nesting	68
backside	68
maize	68
womanliness	68
bedtime	67
slant	67
brooding	67
preacher	67
nucleus	67
pickup	67
Southwestern	67
Whig	67
pane	67
verdure	67
significance	67
E	67
turnover	67
hamburger	67
gloved	67
roar	67
pigeon	67
expressiveness	67
chrome	67
shanty	67
swallow	67
drug	67
couscous	67
censure	67
behind	67
dipping	67
maroon	67
endeavour	67
learning	66
nobility	66
data	66
sibilance	66
impetuosity	66
shortbread	66
r	66
upper	66
semi	66
stick	66
wigwam	66
denim	66
sheltering	66
bush	66
slurry	66
knickers	66
computer	65
prose	65
heel	65
beignet	65
redwood	65
blacktop	65
beneficence	65
jimjam	65
lilac	65
sprinkle	65
fennel	65
confiding	65
Man	65
renewal	65
counsel	65
Sitz	65
rasping	65
Cretaceous	65
pound	65
Waters	65
shield	65
treat	65
cuff	65
court	65
snowsuit	65
waffle	64
ranch	64
partner	64
writer	64
hp	64
handling	64
depiction	64
push	64
housecoat	64
coop	64
receiving	64
art	64
encircling	64
ration	64
thinking	64
meaning	64
Madeira	64
motherliness	64
jello	64
auxiliary	64
Orange	64
wagon	64
Equatorial	64
flannelette	64
demand	64
blending	64
Breath	64
Contest	64
respiration	64
English	64
counterpane	64
therapy	64
drum	64
paternalism	64
wealth	64
Liquor	64
estuary	64
wolf	64
determination	64
heparinized	63
disorder	63
butt	63
jean	63
Republicans	63
auditorium	63
violence	63
terrain	63
adaptation	63
Valrhona	63
processing	63
radioactive	63
soprano	63
bearing	63
operation	63
batch	63
fertility	63
voluptuousness	63
addition	63
suede	63
Soil	63
context	63
relatedness	63
history	63
Spirit	63
gloss	63
crackle	62
deionized	62
Light	62
relish	62
ebony	62
cigar	62
marmalade	62
footgear	62
neighborliness	62
temptation	62
stucco	62
so	62
cadence	62
underpants	62
interviewer	62
broccoli	62
evaporator	61
nickel	61
humanist	61
silt	61
mane	61
floating	61
lee	61
phenol	61
anorak	61
Tethys	61
following	61
acquaintanceship	61
polar	61
absorbent	61
alternative	61
Lincoln	61
pepper	61
hot	61
indigo	61
Dry	61
Ashes	61
ventilation	61
masonry	61
airport	61
onset	61
hydrochloric	61
chalk	60
currant	60
cumulus	60
Asia	60
lure	60
groin	60
reformer	60
preface	60
ripeness	60
graf	60
television	60
rubbing	60
yarn	60
soapstone	60
tofu	60
lad	60
covenant	60
Sunshine	60
hutch	60
rail	60
sport	60
approver	60
rebuke	60
northeast	60
terrycloth	60
somnolence	60
Colorado	60
taxi	60
modeling	60
trench	60
breech	60
offering	60
intonation	59
widow	59
rosiness	59
consomme	59
hart	59
cobalt	59
chorus	59
facade	59
admiring	59
textile	59
arid	59
overflowings	59
basis	59
brook	59
sol	59
abdominal	59
chevre	59
perfusion	59
customer	59
abandonnement	59
vault	59
brotherly	59
batter	59
bower	59
ritual	59
objection	59
excrement	59
popularity	59
yolk	59
allure	59
poultry	59
salve	59
judgment	59
hazelnut	59
saucer	59
lightness	58
Thai	58
Moscow	58
nightclothes	58
arrangement	58
underthings	58
forge	58
southward	58
tepee	58
monochrome	58
warehouse	58
slickness	58
drench	58
taco	58
lithium	58
mellowness	58
intent	58
novel	58
cyanide	58
handkerchief	58
Calabria	58
Than	58
microenvironment	58
diffusion	57
flushings	57
wheel	57
India	57
concert	57
Lake	57
extension	57
merino	57
embrocation	57
intake	57
Jordan	57
withal	57
liniment	57
nitric	57
team	57
sister	57
ballad	57
facecloth	57
resort	57
radiating	57
civilization	57
daytime	57
alum	57
mucus	57
hexane	57
Aegean	57
strudel	57
furrow	57
drenching	57
proponent	57
diaphoretic	57
remnant	57
raincoat	57
awakening	56
envelopment	56
reason	56
boudoir	56
snout	56
polemic	56
vicuna	56
dose	56
earthenware	56
revolver	56
balance	56
Gatorade	56
cheering	56
liveliness	56
laparotomy	56
Vermont	56
capsule	56
Cape	56
mussel	56
trout	56
metamorphosis	56
chase	56
affiliation	56
inner	56
eggnog	56
democrat	56
n	56
coun	56
Wind	56
carbonic	56
Bermuda	56
dribble	56
attractiveness	56
loneliness	56
harem	56
coverlid	56
bleach	56
closing	55
Mars	55
thermos	55
ganache	55
groove	55
adj	55
sailor	55
tem	55
penny	55
affectivity	55
muskiness	55
humility	55
shame	55
bonhomie	55
sibling	55
trap	55
escape	55
presbyterian	55
artist	55
carminative	55
blonde	55
Kansas	55
jazz	55
proof	55
kotatsu	55
plateau	55
apparatus	55
flurry	55
helpfulness	55
slag	55
exponent	55
fear	55
interrogation	55
search	55
persecution	55
calmness	55
barbecue	55
schoolhouse	54
barrier	54
hydrothermal	54
im	54
individuality	54
semiarid	54
guest	54
River	54
Welcome	54
waterbath	54
blond	54
bouquet	54
hedgerow	54
flooring	54
galosh	54
mysticism	54
professor	54
counter	54
seedbed	54
baptism	54
delta	54
glide	54
admonition	54
spruce	54
grating	54
freedom	54
ditch	54
share	54
identity	54
impatience	53
burgher	53
maturity	53
fatty	53
hipbaths	53
commotion	53
cigarette	53
dud	53
god	53
crouton	53
complicity	53
brand	53
stratopause	53
belladonna	53
Cloathing	53
lilt	53
crater	53
urge	53
purity	53
mocha	53
stem	53
indiarubber	53
balcony	53
whole	53
entry	53
Nino	53
role	53
stay	53
brotherliness	53
anteroom	53
puree	53
fluff	53
Spain	52
ore	52
antiseptic	52
ribbon	52
hatred	52
dimension	52
grandmother	52
reward	52
centrifuge	52
burr	52
porcelain	52
Cloths	52
lane	52
distilled	52
chow	52
caudle	52
topic	52
cookstove	52
arrowroot	52
axle	52
seashore	52
suction	52
joviality	52
race	52
naturalness	52
kernel	52
flowering	52
cross	52
Affections	52
dock	52
lens	52
recovery	52
Fires	52
cobblestone	52
extraction	52
mustiness	52
bedfellow	51
loop	51
courtyard	51
bridge	51
diner	51
critic	51
outer	51
handgrasp	51
exultation	51
prosecution	51
chemical	51
logic	51
rosewater	51
zucchini	51
aircraft	51
tangi	51
Passions	51
travertine	51
passing	51
premise	51
recluse	51
realm	51
trance	51
humidification	51
weed	51
sorrow	51
slush	51
move	51
slug	51
Engagement	51
opulence	51
rapprochement	51
cuddling	51
Jacobites	51
Methodist	51
Vichy	51
bedclothing	51
counterpoint	51
inflection	51
polish	50
Maine	50
amity	50
tory	50
pheasant	50
aniline	50
mingling	50
assertor	50
caustic	50
greenness	50
Days	50
reagent	50
storeroom	50
cistern	50
creme	50
sauerkraut	50
brownstone	50
watermelon	50
prickling	50
tremble	50
rendering	50
Sentiments	50
upwelling	50
honesty	50
fir	50
G	50
Beams	50
scirocco	50
collection	50
thankyou	50
fuming	50
complement	50
possibility	50
placenta	50
homeland	50
Apple	50
condiment	50
elixir	50
suffrage	50
tradesman	50
receptiveness	49
lithosphere	49
teaching	49
Embers	49
master	49
Sand	49
diesel	49
husbandman	49
fluttering	49
Carolinas	49
summons	49
Crimea	49
Thy	49
savour	49
magnet	49
tequila	49
fulness	49
mayonnaise	49
humus	49
Indifferency	49
mauve	49
outlet	49
parritch	49
rump	49
sounding	49
midwinter	49
dav	49
Bay	49
lifting	49
document	49
W	49
bitter	49
buoyancy	49
adoption	49
tomb	49
kit	49
pantry	49
pilot	49
construction	49
Church	49
banter	49
fusillade	49
pace	49
nasturtium	48
Embrace	48
rendition	48
seaport	48
characterization	48
littoral	48
phosphate	48
wolfskin	48
phlegm	48
un	48
fritter	48
news	48
Presbyterian	48
philosophy	48
listener	48
clutch	48
juncture	48
protagonist	48
courtroom	48
passageway	48
cadmium	48
check	48
knuckle	48
Royalist	48
mutuality	48
linoleum	48
comradery	48
heath	48
rib	48
dissension	48
Iowa	48
futon	47
muddle	47
stress	47
reserve	47
contemplation	47
inch	47
nightie	47
leisure	47
chapati	47
der	47
intuition	47
partizanship	47
Pullman	47
giggle	47
membrane	47
seacoast	47
nuance	47
disagreement	47
bustling	47
geyser	47
stripe	47
no	47
wicker	47
sauna	47
pottage	46
tune	46
altar	46
peck	46
generality	46
unanimity	46
flannens	46
hunger	46
poulticing	46
ricotta	46
miasma	46
suture	46
rocking	46
pickle	46
wedding	46
smoothing	46
grapefruit	46
effluence	46
bakehouse	46
underground	46
simmer	46
hate	46
airplane	46
Coat	46
mercuric	46
prostate	46
Chardonnay	46
sbozzos	46
marinara	46
millet	46
Boston	46
tit	46
sustenance	46
leftover	46
pestle	46
prejudice	46
ptisan	46
Saturdays	46
disclaimer	46
stubble	46
espouser	46
muslin	46
fermenting	46
clasping	46
flattery	46
whilst	46
Salt	46
hothouse	46
discovery	46
dash	45
p	45
lubricating	45
diligence	45
F	45
drool	45
Catholics	45
ministration	45
barium	45
tentacle	45
Cloaths	45
Germanophil	45
fender	45
cauliflower	45
shroud	45
gratefulness	45
lust	45
maternity	45
glazing	45
Region	45
cubbyhole	45
wie	45
Mexico	45
creosote	45
siege	45
summit	45
Winters	45
Golden	45
civility	45
parchment	45
circumstance	45
huskiness	45
grub	45
fee	45
examination	45
Brown	45
witch	45
bushveld	45
shortcake	45
assertors	45
Jacobite	45
aliveness	45
garbage	44
Hearts	44
buckskin	44
fondue	44
grove	44
poison	44
caregiver	44
naan	44
purse	44
ruddiness	44
empfohlen	44
mink	44
pleasantry	44
camping	44
bathe	44
blob	44
fascination	44
pu	44
symbol	44
melancholy	44
Body	44
gilding	44
idleness	44
von	44
frothing	44
dunghill	44
tipi	44
hugging	44
directness	44
anybody	44
bog	44
maid	44
keep	44
cauldron	44
tonic	44
souffle	43
evenin	43
witchery	43
snug	43
professionalism	43
squash	43
mittins	43
rage	43
gallery	43
access	43
abettor	43
undergrowth	43
fatigue	43
cocktail	43
credit	43
physicality	43
proselyte	43
stroking	43
Temper	43
Hollandaise	43
spermaceti	43
horror	43
hypo	43
commission	43
arousal	43
goodheartedness	43
iodine	43
humanitarian	43
seepage	43
fowl	43
eaves	43
stovis	43
profusion	43
Soft	43
clot	43
bannock	43
suppleness	43
Night	43
chloride	43
epithet	43
Benevolence	43
midafternoon	43
shellac	42
poet	42
restingplace	42
Naples	42
Ever	42
cheesecake	42
teeth	42
secrecy	42
subway	42
nationalism	42
ballroom	42
bat	42
lace	42
sally	42
dime	42
nimbus	42
venison	42
da	42
Miocene	42
alabaster	42
Europe	42
dos	42
crayon	42
resolve	42
subsoil	42
dumpling	42
contiguity	42
microhabitats	42
kingdom	42
FIGURE	42
booth	42
lushness	42
ringer	42
crackling	42
gate	42
harbour	42
Orde	42
diningroom	42
tapestry	42
duskiness	41
urn	41
conspiracy	41
rat	41
sedge	41
flickering	41
disc	41
elder	41
davs	41
bracken	41
honeysuckle	41
watchcoat	41
chaud	41
Words	41
cashew	41
bell	41
meridian	41
garb	41
tiredness	41
nylon	41
drone	41
lira	41
nightshirt	41
Aga	41
everybody	41
epidermis	41
patchwork	41
forgiveness	41
weekday	40
contempt	40
foreword	40
vantage	40
benzine	40
cinema	40
Beds	40
farmer	40
promenade	40
whirlwind	40
Riviera	40
presage	40
Puerto	40
prickle	40
haystack	40
cleavage	40
sentimentalism	40
overflow	40
colleague	40
desk	40
command	40
throne	40
liberality	40
authenticity	40
laudation	40
drama	40
