season	272010
weather	212569
clothes	103164
weight	95895
nurse	93134
sand	85444
soil	81469
day	72813
grass	67234
cloth	63804
hair	62781
ground	59674
bulb	55934
towel	55390
condition	51735
land	46374
clay	46261
suit	41815
area	41757
blanket	40688
year	39382
snow	38419
place	37310
foot	35219
meadow	33301
sheet	33093
rice	32207
fly	31142
dream	30689
surface	30460
paper	29490
hand	29358
earth	29249
night	28599
bar	28347
spot	28324
process	27952
leaf	27426
winter	27278
summer	26934
eye	26636
period	25985
climate	25918
rag	24091
wood	23753
clothing	23480
sponge	23396
deposition	22288
mount	22183
face	21430
pavement	21155
forest	21152
dressing	19866
air	19347
chemical	19340
steam	18668
finger	18196
paint	18187
rock	17978
road	17838
method	16716
cheek	16666
kiss	16425
mud	16320
street	16065
floor	16007
concrete	15423
state	15380
skin	14940
plaster	14884
spring	14620
field	14607
stone	14475
scrubber	14309
dog	13755
ditch	13200
body	13155
thing	12940
tissue	12940
diaper	12640
pack	12530
material	12438
zone	12406
strength	11920
gas	11911
shoe	11767
garment	11433
oxidation	11362
morning	11233
cement	11202
wind	11186
plate	10971
coat	10883
cotton	10831
nose	10804
dock	10693
compress	10682
cell	10546
shirt	10475
preparation	10467
month	10431
way	10392
moss	10322
lip	10151
site	10125
etching	10031
boot	9912
heat	9849
environment	9709
prairie	9602
tropic	9276
one	9275
collodion	9180
mass	9165
end	9097
afternoon	8954
patch	8640
region	8549
basis	8540
tongue	8470
location	8402
brush	8398
wt	8282
wool	8233
film	8194
handkerchief	7958
side	7955
mouth	7674
washcloth	7397
straw	7334
hen	7317
bed	7243
filter	7204
leather	7046
mixture	7037
deck	7030
sock	6956
spell	6862
ingredient	6861
head	6519
milling	6471
bathing	6465
mash	6441
sample	6344
evening	6299
phase	6229
glass	6145
work	6102
linen	6076
wall	5977
wash	5918
Sunday	5832
rot	5725
ink	5698
pant	5542
part	5532
autumn	5476
fish	5450
T	5403
newspaper	5397
bandage	5391
processing	5336
chemistry	5327
monsoon	5314
fur	5274
sludge	5143
sieving	5026
ash	4950
system	4847
canvas	4795
habitat	4751
grassland	4734
situation	4704
grain	4703
gravel	4689
paddy	4676
mop	4663
well	4661
type	4588
nursing	4578
cleaning	4570
jacket	4553
sack	4537
form	4488
rope	4426
lowland	4393
sediment	4267
mist	4266
mix	4237
laundry	4225
dirt	4218
piece	4192
asphalt	4167
pulp	4143
footprint	4114
burlap	4108
ice	4100
line	4057
strand	4014
food	3968
fog	3948
time	3923
cultivation	3923
test	3896
tree	3882
pasture	3871
stain	3868
flake	3849
country	3843
specimen	3820
granulation	3807
dress	3805
grinding	3770
noodle	3756
sclerophyll	3730
coal	3709
stuff	3703
smear	3680
digestion	3663
scrubbing	3656
fabric	3630
edge	3627
gel	3594
ashing	3577
gauze	3555
umbrella	3530
combustion	3517
branch	3502
cloak	3401
peat	3386
lung	3386
marsh	3377
hide	3323
sidewalk	3270
sound	3261
hole	3221
string	3195
skirt	3147
arm	3144
napkin	3126
ball	3093
trail	3084
hay	3082
heath	3041
market	3041
technique	3036
path	3036
bag	3026
darkness	3020
track	3004
blood	2997
crop	2982
bottom	2979
storage	2977
flesh	2969
pussy	2943
print	2938
etch	2934
cooling	2900
beach	2874
lawn	2871
bank	2856
palm	2833
powder	2824
evergreen	2802
cloud	2801
water	2774
density	2769
lash	2725
cake	2708
feather	2702
inside	2692
cat	2691
rain	2687
foliage	2682
wing	2681
cup	2643
rubber	2624
solid	2618
look	2606
mortar	2604
log	2597
fuel	2591
good	2587
harvest	2568
sawdust	2567
treatment	2564
roof	2563
web	2551
trouser	2537
brick	2502
forehead	2489
seaweed	2482
leg	2467
tile	2448
flannel	2441
woodland	2440
beriberi	2430
layer	2427
sleeve	2424
cycle	2420
down	2418
sail	2407
vapor	2407
room	2395
world	2386
battery	2372
mountain	2365
curl	2363
lab	2308
lay	2277
shoulder	2277
circle	2268
salt	2259
valley	2249
silk	2247
trench	2246
garden	2241
glaze	2229
dust	2229
mat	2226
runway	2225
walk	2220
outside	2207
pipe	2203
tear	2202
ring	2201
bush	2196
board	2195
jungle	2195
sea	2194
district	2183
tundra	2166
weed	2164
bog	2144
color	2144
brain	2138
medium	2131
pad	2121
bark	2110
blotting	2109
tent	2108
jean	2105
application	2083
spray	2082
turf	2078
meter	2078
sky	2071
hydrogen	2067
plank	2055
warmth	2045
pine	2044
basement	2030
corn	2028
atmosphere	2028
raincoat	1976
plant	1969
paste	1957
dish	1955
depression	1954
glove	1953
lime	1946
swamp	1943
prep	1911
wipe	1911
stocking	1904
cardboard	1865
feed	1863
tea	1861
November	1844
compression	1842
cobblestone	1841
mark	1841
portion	1839
savanna	1836
seed	1834
bench	1825
smell	1824
drop	1820
fold	1806
coating	1799
product	1799
garbage	1797
oil	1794
week	1794
streak	1792
hat	1770
pebble	1765
section	1763
waste	1752
Saturday	1750
removal	1743
sugar	1739
flower	1736
slide	1734
analysis	1720
lint	1719
fall	1719
slope	1714
strip	1712
slurry	1707
screening	1689
thermometer	1680
step	1664
hill	1653
carpet	1650
metal	1647
pit	1642
painting	1642
rail	1639
vacuum	1639
horse	1633
ride	1632
bone	1624
substance	1619
hollow	1606
membrane	1602
light	1600
vegetation	1595
back	1590
sump	1579
manure	1579
cave	1573
particle	1568
soap	1549
fiber	1543
resin	1528
pond	1528
gangrene	1525
washing	1515
bedding	1514
window	1487
brow	1487
canteen	1484
baby	1480
bulk	1473
return	1466
swab	1459
padi	1456
collector	1454
chamber	1452
slate	1446
plain	1446
underwear	1442
bread	1439
limestone	1439
adhesion	1423
oxygen	1414
cobble	1406
core	1402
foam	1401
litter	1389
stage	1377
assay	1377
fern	1375
locality	1371
pan	1370
biomass	1370
glue	1369
table	1366
gear	1360
vapour	1359
tarmac	1354
cough	1350
cunt	1346
October	1343
bean	1342
saddle	1342
ton	1336
sanding	1332
muslin	1330
mold	1325
uniform	1323
knife	1322
overcoat	1318
tail	1318
colour	1313
acid	1307
muscle	1305
trunk	1300
cast	1300
machine	1296
dishrag	1295
stick	1294
pillow	1293
underfoot	1288
snowflake	1284
smack	1282
timber	1277
lock	1277
neck	1275
muzzle	1273
eyelash	1272
slip	1271
sedge	1270
belt	1262
gluten	1256
dough	1254
object	1242
loam	1240
sheep	1225
swallow	1224
steel	1220
mine	1215
slap	1208
liner	1206
mill	1205
press	1203
element	1201
seat	1198
van	1193
shore	1192
volume	1192
cellar	1188
fastness	1180
substrate	1179
marble	1177
out	1174
thread	1174
precipitation	1167
run	1159
AMD	1159
city	1153
service	1148
root	1147
flour	1146
bath	1143
vent	1142
match	1140
animal	1140
paw	1138
mess	1138
sneaker	1132
tillage	1130
toilet	1129
modulus	1124
breath	1123
cupping	1122
breeze	1118
bundle	1109
chicken	1107
drilling	1107
tower	1099
moat	1097
chlorine	1095
swimsuit	1094
comb	1091
liver	1088
rat	1088
river	1084
gown	1080
drapery	1077
sleeping	1076
operation	1071
insulation	1067
cow	1065
bird	1064
versus	1057
flue	1046
moor	1041
sphagnum	1036
clump	1031
dawn	1026
corrosion	1024
unit	1020
thumb	1018
tip	1016
asbestos	1015
slab	1015
heap	1014
chalk	1012
June	1005
April	1002
sod	1001
girdle	1000
dung	996
basin	996
wick	993
aggregate	992
flag	991
iron	991
gun	988
corner	987
chill	982
front	977
village	976
crystal	976
thicket	973
mitten	973
December	972
ore	971
seal	967
pocket	967
article	959
weekend	958
robe	957
highway	957
desert	946
job	945
blade	944
mould	941
man	941
tangle	940
August	936
point	935
blouse	935
bladder	932
clutch	931
laboratory	930
starch	930
beard	929
saw	928
packing	924
cold	924
puppy	922
journey	911
dishcloth	910
cigarette	906
residue	905
breast	900
landscape	899
beet	896
heather	889
March	885
ear	885
extraction	883
bottle	879
fire	878
pigment	875
subsoil	875
perimeter	873
rubbing	872
parchment	871
short	868
landing	866
lump	864
feeling	864
tunnel	863
wrap	863
green	860
muck	859
tensile	858
canopy	854
spaghetti	853
tobacco	849
sacking	845
panty	841
cigar	841
vote	840
appearance	834
nature	832
wad	831
heathland	828
noise	828
oxide	827
woolen	825
consistency	825
terrain	821
woollen	819
sheen	818
January	815
box	813
Monday	812
people	810
taro	810
boat	808
fingertip	806
ship	805
finish	804
stream	803
gunpowder	802
standpipe	798
affair	798
cheesecloth	797
flat	792
nappy	790
camp	789
concentration	788
base	786
pool	786
woman	781
lease	780
book	780
margin	775
pile	775
cap	773
snout	772
September	772
t	771
blotter	771
smile	771
mattress	769
silver	767
shell	764
chest	762
passage	761
delay	760
traction	757
impregnation	756
pattern	756
shaving	755
gunny	754
hillside	752
Season	751
page	749
fibre	746
thigh	746
sensation	744
cut	744
cliff	742
blackness	742
thud	742
July	741
platform	739
moorland	739
item	737
granite	737
boulder	735
pickup	733
FGD	733
meat	732
deposit	727
child	724
tendril	720
upland	720
broom	719
sandpaper	717
sari	713
thickness	713
component	712
touch	712
rub	711
pumice	710
velvet	710
printing	710
episode	706
reservoir	706
roadway	705
moon	705
twig	704
growth	702
center	701
life	701
tar	698
lap	698
screen	695
mackintosh	694
case	694
cargo	692
fruit	691
pot	690
sex	689
undergrowth	688
brewer	688
oilskin	687
cause	686
figure	686
shingle	683
slime	681
pajama	681
slush	680
soak	679
silt	678
cyclone	676
May	676
coil	676
slit	676
contact	676
mineral	673
today	671
potato	670
limb	670
cylinder	669
cutting	668
February	668
knee	667
Sundays	667
vagina	666
moccasin	666
precipitate	665
county	663
spirometer	663
coffee	660
bough	658
carbon	657
buckskin	656
swale	655
shadow	654
space	654
pellet	653
curing	650
exit	648
island	647
smoke	647
saline	647
lumber	646
grinder	645
absorbent	644
gleam	643
rug	643
lick	643
men	642
length	640
drawing	640
stroke	639
furrow	639
spoon	638
flank	638
Weather	635
wave	633
stem	632
flagstone	632
puddle	628
candidate	628
wheat	626
quilt	621
electrode	620
paintbrush	619
bottomland	618
shaft	618
house	617
savannah	613
digging	610
mopping	608
sweater	608
eyelid	605
storm	604
tennis	603
shroud	601
layup	600
adhesive	600
barrel	599
grave	598
surroundings	598
knot	597
emulsion	596
tube	593
rose	592
meal	591
drum	590
kitchen	586
embrace	585
London	582
rush	578
cover	578
curtain	578
grip	575
friction	574
belly	574
fleece	574
flow	573
cellulose	572
detention	571
Kleenex	571
reed	570
diet	569
bracken	569
feeding	569
guncotton	568
splash	568
voice	567
matter	567
paving	567
pump	566
blast	565
varnish	565
stand	564
cord	564
charcoal	563
town	563
half	562
set	562
stock	562
interval	562
wound	558
shawl	557
lane	556
slack	555
border	554
net	554
Quaker	553
Friday	547
apron	547
crack	545
swimming	545
separation	542
triangle	541
proof	541
slicker	541
boy	539
teeth	537
march	537
ravine	535
ware	535
refuse	533
washrag	531
bit	531
tire	530
gloom	530
underbrush	529
right	529
bob	528
clover	527
car	527
rawhide	526
protein	525
alder	525
position	522
sandstone	521
block	521
wicket	521
trade	521
solution	518
copper	518
abrasion	514
chip	513
dew	513
veil	512
aerosol	512
compost	511
shine	507
hour	506
plop	505
covering	504
splotch	504
nail	503
gully	502
fixation	500
sieve	500
bran	499
nylon	498
nest	497
cape	497
everything	496
stretch	495
opening	492
picture	492
haze	491
sucking	491
firecracker	491
snowfall	490
adiabatic	490
yarn	490
debris	488
station	487
avalanche	487
needle	487
drive	486
yard	484
sink	483
load	482
scrub	481
collection	481
denim	481
bead	481
eucalypt	481
pair	480
coast	480
separator	479
pen	479
sun	477
rim	476
tack	476
gum	475
walking	472
crease	472
tunic	472
scent	471
kitten	470
farming	470
poultice	469
Wednesday	466
gold	466
pressure	465
roll	464
tank	464
girl	463
fist	463
forefinger	463
lacquer	461
development	460
dune	459
ringlet	458
concentrate	457
oak	456
cloaths	455
vegetable	455
bestuursrecht	454
nitrogen	453
firewood	452
compressor	452
slipper	451
violet	451
pane	451
tress	450
feel	449
nostril	448
channel	448
hem	447
star	447
centre	447
gust	446
poncho	446
inch	445
mound	444
ribbon	444
heart	443
granule	442
nipple	441
brake	439
nightgown	439
clod	438
variety	437
working	436
column	435
wax	434
beri	432
mane	432
yesterday	432
tow	431
curve	430
interior	430
reaction	429
dusk	429
wrapping	428
procedure	428
while	428
willow	427
shower	427
can	427
rubbish	427
foundation	426
imprint	426
reading	426
rate	424
wire	424
underpants	424
trip	424
hammock	424
lettuce	422
scarf	422
regime	421
mire	421
etchants	421
rainforest	420
excavation	420
pleurisy	419
hedge	418
buIb	417
op	416
kind	415
crossing	415
underneath	415
precipitator	415
stair	414
exhaust	413
misery	412
tract	409
highland	408
roller	407
enamel	407
range	406
toothbrush	406
colostomy	404
level	402
e	399
hessian	399
bamboo	398
clinging	397
scalp	397
letter	396
skid	396
porcelain	396
depth	395
pastry	394
charge	394
mouse	394
fart	393
temperature	392
nursery	392
ledge	392
Tuesday	391
crotch	391
mantle	390
lead	390
blue	388
sulfate	388
herbage	387
quenching	386
stickiness	386
up	386
vine	385
collar	385
palette	384
top	384
birch	383
petal	383
stack	382
cedar	382
cock	380
blending	378
orchard	377
hemp	377
shift	377
shrubbery	376
bagasse	376
sheath	376
shale	375
chin	375
creature	373
assessment	373
bathroom	372
hanky	371
blob	370
bivouac	370
plastic	369
territory	369
business	368
developer	367
force	367
gunnysack	366
negative	366
transfer	365
trickle	364
quarter	364
yeast	364
twilight	363
New	363
group	363
cheese	363
planet	362
caress	362
mucus	362
equipment	362
terrace	362
gate	361
Clay	360
use	360
combing	360
sandal	359
start	359
hose	358
wilderness	357
dark	357
cavern	357
wheel	356
seam	354
roadside	354
home	354
Fig	354
Thursday	354
event	354
throat	353
cocoa	353
darkroom	352
stigma	352
blacktop	350
coke	349
sentiment	349
infant	348
culture	348
chlorination	347
welding	347
droppings	347
silica	346
marshland	346
seeding	346
bandanna	346
soot	346
drill	346
norther	345
massing	345
suction	344
stucco	342
ether	342
chemise	342
nitrocellulose	342
propaganda	341
fishing	341
berth	341
gutter	340
play	340
background	339
toe	338
verdure	337
satin	337
bikini	337
compass	337
damnation	336
facecloth	336
ricefields	336
reduction	336
biscuit	336
fractionation	335
tap	334
kata	334
lace	334
as	334
provision	333
bubble	333
lake	333
stratum	333
washer	332
braid	332
windshield	331
effect	331
spaniel	330
miller	330
blasting	329
construction	327
bonding	326
clout	326
square	326
bale	325
snowstorm	325
rendering	325
sage	324
mining	324
feces	324
sleet	323
quartz	323
tarpaulin	321
property	321
Christmas	320
cabbage	319
paddle	319
agriculture	318
oar	318
alley	318
countryside	318
money	318
pitch	317
cable	317
bang	317
testing	316
playtime	316
litmus	315
tomorrow	315
droplet	315
Summer	314
decomposition	313
spatula	313
counter	312
kissing	312
setting	312
spraying	312
macadam	312
riser	311
petticoat	311
butt	310
footstep	310
humus	309
classification	309
drip	309
marl	308
costume	308
emery	308
cork	308
bunk	307
breech	307
chick	305
moustache	305
winding	305
razor	305
sol	304
acre	304
egg	304
etches	303
softness	303
etchant	303
lens	303
flashover	302
tenacity	302
cattle	302
image	302
measure	301
quality	300
pomace	300
stalk	300
word	300
sweat	300
tee	299
scrap	299
grit	299
cushion	298
morass	298
venting	297
building	296
blossom	296
trace	296
lilac	296
swim	295
trash	295
poodle	295
community	294
hornet	292
ESP	292
band	292
drift	291
floodplain	291
spruce	291
joint	290
worm	290
stamp	289
ARMD	289
duck	289
impression	289
plug	288
blotch	287
felting	287
plot	287
soul	286
States	286
performance	286
drizzle	286
soldier	285
gale	285
pick	285
plumage	284
formation	284
sulfur	283
farm	283
wisp	283
pop	283
bill	283
flush	283
cavity	283
parking	282
leader	282
sulphate	282
bichloride	282
planking	281
calf	281
ambient	280
crevice	280
scavenging	279
cellophane	279
mile	279
curd	279
rust	279
expanse	279
off	278
ratio	278
spore	278
death	278
fen	277
model	277
masonry	277
shrub	277
thatch	277
sprinkler	276
purification	276
exposure	276
khaki	276
melting	276
crunch	276
shape	276
gravity	275
footmark	275
coolness	275
dishtowel	274
courtyard	274
scale	274
party	274
ankle	274
Dry	273
south	273
crumb	272
baggage	272
bunch	271
organization	271
flame	270
substratum	270
kiln	270
transition	270
vessel	270
eczema	270
felt	270
dud	270
workshop	269
faeces	269
Figure	269
blot	268
Pacific	268
grape	268
abrasive	267
snake	267
adobe	267
mode	267
splat	267
package	267
Spring	266
windward	265
odor	265
majority	265
church	265
decade	264
gurgle	263
matrix	263
sandbag	263
fill	263
watercolor	263
rein	262
N	262
mask	262
kerchief	261
barley	261
pore	261
rod	261
filament	260
pelt	260
newsprint	260
milking	259
batter	259
course	259
footgear	258
holiday	258
underclothes	258
Sphagnum	258
cinder	257
tonight	257
stubble	256
solvent	256
grindstone	254
silage	254
liquid	253
polymer	252
chamois	252
sign	251
herb	251
polishing	251
flood	251
sheepskin	250
extrusion	249
reagent	248
crepe	248
duster	247
cleaner	247
cobweb	247
drowning	247
beer	246
tray	246
i	246
skein	246
sago	245
cure	244
sweetmeat	244
park	244
nap	244
spike	243
mustache	242
owing	242
north	242
hawser	242
drawer	241
decay	241
putty	240
cerumen	240
bedclothes	240
cross	240
knickers	240
ooze	240
flash	240
shock	239
parka	239
burp	239
mead	239
character	238
compound	238
bow	237
kelp	237
porch	236
content	236
fringe	236
textile	235
crowd	235
crust	234
tweed	234
copy	234
lodging	234
stamping	234
toweling	234
frog	234
context	233
coldness	233
heating	233
signal	233
spark	232
tape	232
stump	232
desquamation	231
whip	230
friend	230
thong	230
troposphere	230
ecosystem	230
apple	230
silicon	229
berry	228
polish	228
lid	228
waterproof	228
version	228
tin	228
slice	228
linoleum	227
foil	227
frame	227
junction	227
west	225
oasis	225
swan	224
batch	224
gypsum	224
greatcoat	224
adiabat	223
recovery	223
disc	222
wallpaper	222
Table	222
kid	222
rale	222
fatigue	222
sob	221
algae	221
date	221
overnight	221
railing	221
filth	221
alcohol	221
distiller	221
overall	221
hood	221
blur	220
wrapper	220
hiss	220
tuft	219
chair	219
court	219
fir	219
footwear	219
love	219
dry	218
puddling	218
peak	218
dungeon	218
laugh	218
disk	217
organ	217
handshake	217
carrel	217
casting	216
canyon	216
index	216
glob	216
behind	216
fallout	216
mule	216
equatorial	215
door	215
bond	214
blacking	214
shade	213
salting	213
latex	213
chunk	213
stool	213
reflection	212
discharge	212
creek	212
fuse	212
rabbit	212
ceiling	211
ocean	211
chocolate	211
handling	211
v	211
grin	210
mush	210
ghost	209
foxhole	209
brown	208
calico	208
fan	208
benzene	208
sarong	207
fermentation	207
armpit	207
experiment	207
spider	207
support	207
wi	206
produce	206
stripping	206
snowball	206
playing	206
card	205
greenery	205
biotopes	205
nakedness	205
pole	204
locker	203
moisture	203
thump	203
slug	203
tonne	203
Republicans	203
fragrance	203
parrot	203
record	203
plume	202
camel	202
crow	202
sauna	202
bell	201
kite	201
fence	200
approach	200
cooper	200
bike	199
breathing	199
blend	199
candle	198
globe	198
whisper	198
value	198
submersible	198
label	197
silence	197
necrosis	197
Soil	197
drape	197
sandwich	196
banana	196
outline	196
bridge	196
entry	195
mean	195
diamond	194
mirror	193
Democrat	193
cherry	193
shampoo	192
Seasons	192
graphite	192
note	191
turban	191
cowhide	191
delta	191
niche	191
tool	190
tyre	190
gesso	190
control	190
slough	190
grocery	190
flux	189
hug	189
entrance	189
kindling	189
forage	188
tinder	188
discomfort	188
fluid	188
mucosa	188
installation	188
communication	188
alfalfa	188
football	188
solidus	188
snap	188
bra	187
cry	186
tablecloth	186
spinach	186
disposal	186
show	186
thwart	185
lichen	185
graf	185
make	185
guy	184
container	184
larder	184
pasteboard	184
rifle	183
classifier	183
heel	182
mustard	182
harvesting	182
instrument	182
buffalo	182
fork	181
suspension	181
tropical	181
pencil	181
route	181
pup	180
coin	180
trap	180
size	180
limit	180
vac	180
goat	179
sailor	179
texture	179
penis	179
gelatin	179
clean	179
tan	179
stranger	178
veneer	178
sort	178
ruin	177
shelter	177
turnip	177
coagulum	177
sunlight	177
sandblasting	176
hunting	176
dollar	175
Democrats	175
undergarment	175
sneeze	175
sweetness	175
toast	174
issue	174
particulate	174
hell	173
break	173
planting	173
collagen	173
cod	173
slag	173
apparel	172
gelatine	172
baking	172
photograph	172
England	172
cob	172
mesh	171
bait	171
elephant	171
bear	171
sigh	171
person	171
outdoors	170
anything	170
maize	170
rolling	170
flatwoods	169
cane	169
bramble	169
deerskin	169
series	169
production	169
driveway	168
CO	168
rotting	167
smoothing	167
jaw	167
pearl	167
lot	167
galosh	167
matting	166
loop	166
habit	166
bucket	166
lunch	166
tie	166
self	166
rouge	166
carpeting	166
shear	165
cleft	165
subject	165
ulcer	165
mulch	165
term	164
sweatshirt	164
vest	164
shit	164
spill	163
n	163
conductor	163
watch	163
wrinkle	162
milk	162
Burning	162
pony	162
flight	162
belonging	162
glade	162
style	162
X	161
experience	161
change	161
embankment	161
sulphur	161
sewage	161
frond	161
Day	161
wading	161
smudge	160
womb	160
pyjama	160
maple	159
theory	159
mineralization	159
gut	159
doorstep	159
check	159
stripe	158
paddock	158
char	158
zinc	158
pull	158
flax	157
activity	157
alluvium	157
tooth	156
agglomeration	156
Whatman	156
twine	156
lamb	156
legging	156
lubricant	156
dye	156
dinner	156
peel	155
cacao	155
wrist	155
ESPs	155
hound	155
Sand	155
panel	155
slop	154
lesion	154
ivy	154
whisker	154
filtration	154
hull	153
lily	153
h	153
ridge	153
corridor	153
chain	153
pathway	153
littoral	153
common	153
bud	152
signature	152
race	152
jewel	152
beam	151
hank	151
emerald	151
jute	151
ballast	151
bosom	150
Cu	150
shaver	150
soda	150
bandana	150
West	149
crawl	149
El	149
handful	149
subgrade	149
agglomerate	149
pet	149
fine	148
cartridge	148
tailing	148
brushing	148
shake	147
haystack	147
soaking	147
togs	147
patient	147
breaking	147
leasing	147
doll	147
cooking	147
recess	147
frock	146
footing	146
couch	146
feature	146
undershirt	146
eel	146
squall	146
interdune	145
fodder	145
glazing	145
elongation	145
ammonia	145
hold	144
insulator	144
horizon	144
cracker	144
bichlorid	144
bristle	144
seedbed	144
interface	143
voter	143
condenser	143
by	143
windowpane	142
campaign	142
rut	142
fosse	142
ford	142
hip	142
taste	142
humor	142
grey	142
saliva	142
streamer	142
compaction	141
ration	141
burning	141
gloss	141
re	140
vermiculite	140
swirl	140
boundary	140
cabin	140
sparrow	140
electrolyte	140
glycol	139
silty	139
view	139
meadowland	139
draught	139
amber	139
soup	139
Bank	139
strap	139
snuff	138
freezing	138
filling	138
explosion	138
ammunition	138
Ground	138
keratin	137
beef	137
cornstarch	137
cottonwool	137
boracic	137
fin	137
microburst	137
seepage	137
epoch	137
fore	137
floorboard	137
raspberry	136
grid	136
britches	136
game	136
politician	136
breakdown	136
wet	136
faggot	136
labium	136
plum	135
carbonization	135
sword	135
ponytail	135
tarp	135
carborundum	135
basket	134
kit	134
remains	134
expansion	134
absorption	134
rattle	134
living	134
campo	134
balloon	134
tramp	133
will	133
V	133
acrylic	133
dentin	133
bullet	133
fowl	133
trough	132
muskeg	132
gumbo	132
dhoti	132
dash	132
netting	132
grout	131
writing	131
lamp	131
butterfly	131
chestnut	131
fun	131
canal	131
ion	131
mycelium	131
laurel	131
S	130
goose	130
shotcrete	130
hospital	130
boiling	130
row	130
jersey	130
temple	130
stomach	129
gasp	129
Tshirt	129
perspiration	129
motor	129
Kata	129
mascara	129
tub	128
aluminum	128
envelope	128
pasta	128
bowl	128
Earth	128
DNA	128
ramp	128
hardwood	127
dispersion	127
gaze	127
seep	127
result	127
tussock	127
beech	127
sore	127
nullah	127
cloathes	126
file	126
torso	126
plastering	126
driftwood	125
quartzite	125
win	125
machining	125
pulping	125
freshness	125
riding	125
raiment	125
slurp	125
rigging	124
alkali	124
pinelands	124
laminate	124
damage	124
whistle	124
fallow	124
j	124
orange	124
nitrate	123
hoarseness	123
dot	123
North	123
corpse	123
shelf	123
bodice	123
flask	123
fox	123
rooster	123
dive	123
Cloth	123
war	123
era	123
preservation	122
interest	122
attire	122
barnyard	122
confetti	122
ploughing	122
decking	122
blottingpaper	122
coconut	121
beak	121
f	121
alumina	121
ox	121
casein	120
oat	120
design	120
brickwork	119
basalt	119
evidence	119
shod	119
eucalyptus	119
underclothing	119
submarine	119
shoon	118
sting	118
buttock	118
terry	118
stench	118
turn	118
A	118
sterilization	118
shot	118
magazine	118
otter	118
sketch	117
aging	117
brushwood	117
pig	117
sackcloth	117
Water	117
Mars	117
nothing	117
circumstance	116
India	116
smacking	116
wit	116
drainage	116
standing	116
dab	116
lining	116
sander	116
capillary	116
funnel	115
magnesium	115
tide	115
Wet	115
split	115
pollen	115
walkway	114
nut	114
power	114
suppression	114
macintosh	114
bacteria	114
computer	114
excelsior	114
chilliness	114
com	113
backside	113
driving	113
HF	113
epoxy	113
juice	113
greenness	113
brine	113
H	113
flooring	113
redness	112
Leather	112
release	112
dick	112
vintage	112
moment	112
B	112
saucer	112
horn	112
god	112
burn	112
catalyst	111
overshoe	111
smooch	111
East	111
gob	111
member	111
wedding	110
occupation	110
quay	110
connection	110
wafer	110
post	109
desulfurization	109
movement	109
Tropics	109
playa	109
hickory	109
de	108
brightness	108
middle	108
trout	108
glint	108
s	108
hiding	108
rubble	108
sill	108
c	107
wine	107
scene	107
slapping	107
impingement	107
steaming	107
bronze	107
lie	107
patanas	107
pigeon	107
stub	107
sweep	107
burden	107
increase	107
conditioning	106
plasma	106
acetone	106
slick	106
moonlight	106
bitumen	106
bloodstain	106
attrition	106
mid	106
close	106
springtime	106
acetonitrile	106
calcium	106
ladder	106
coefficient	106
swish	106
desire	106
canoe	105
tint	105
fresco	105
summit	105
Grounds	105
spear	105
rooftop	105
sifting	104
wader	104
seeps	104
fragment	104
parachute	104
data	104
shoreline	104
C	104
brushwork	104
brushstrokes	104
decaying	104
bedsheet	104
te	104
fraction	104
stall	104
jar	104
attack	103
rainfall	103
sagebrush	103
need	103
intonaco	103
deer	103
forenoon	103
Cloaths	103
strainer	102
clit	102
vault	102
dungaree	102
Northwest	102
tights	102
Al	102
E	101
O	101
oatmeal	101
ski	101
prison	101
rhododendron	101
relief	101
der	101
irrigation	100
pillowcase	100
tracking	100
crew	100
walnut	100
splatter	100
dip	100
Catholic	100
sport	99
propagandist	99
brim	99
argon	99
Easter	99
something	99
laparotomy	99
hail	99
spread	99
parade	99
loin	98
plateau	98
fairway	98
tot	98
swipe	98
tag	98
phosphate	98
venturi	98
Land	98
team	98
South	98
Sponge	98
pox	98
whet	98
Cape	98
gym	98
hike	97
extreme	97
flap	97
rump	97
quicksand	97
decontamination	97
towelettes	97
sodium	97
mac	97
thermal	97
diver	97
plankton	96
massage	96
Paris	96
Saturdays	96
Sea	96
sole	96
kidney	96
Winter	96
carrier	96
spunge	96
boulevard	96
technology	96
olivine	96
hop	96
pain	96
skull	96
engine	96
tantalum	96
gap	96
gray	95
list	95
tone	95
splinter	95
heartwood	95
manuscript	95
bedsheets	95
macaroni	95
sub	95
arse	95
urine	95
army	95
retriever	95
wadding	94
creosote	94
pink	94
laminating	94
beaver	94
fury	94
copra	94
handle	94
ting	94
beast	94
clot	94
agent	94
flotation	94
corplum	94
yak	94
governor	94
J	94
mother	93
cleanup	93
squib	93
jet	93
sunset	93
coral	93
fear	93
carcass	93
earlier	93
sampling	93
wig	93
solder	93
cordage	93
phosphorus	93
ginger	93
midnight	93
vulva	93
notch	93
montane	93
perfume	93
troop	93
cocktail	92
push	92
braking	92
windscreen	92
slash	92
fang	92
consistence	92
grasp	92
pleasure	92
rayon	92
W	92
penny	91
Tg	91
saree	91
pas	91
farmland	91
radiograph	91
vermilion	91
gram	91
whiteness	91
picric	91
mercury	91
stink	91
shellac	90
drain	90
Quakers	90
glitter	90
molding	90
thrust	90
rivulet	90
bay	90
boxer	90
cocoon	89
sealskin	89
cuff	89
housetop	89
trowel	89
cowdung	89
curb	89
fishery	88
stowage	88
plaid	88
glow	88
pin	88
beginning	88
map	88
vinyl	88
furnace	88
cornmeal	88
x	88
coughing	88
campus	88
photo	87
biology	87
ricefield	87
malt	87
refractivity	87
conifer	87
odour	87
worker	87
bass	87
b	87
passenger	87
brass	86
lady	86
syringe	86
industry	86
pulse	86
arc	86
slickness	86
marine	86
toothpick	86
beating	86
liberal	86
playground	86
meringue	86
waist	86
plowing	86
icing	86
boreholes	85
cassava	85
priming	85
wid	85
labor	85
adiabats	85
school	85
profile	85
bonnet	85
w	85
sleep	85
drug	85
sizing	84
click	84
sward	84
surge	84
papier	84
statue	84
modeling	84
packthread	84
condensation	84
mail	84
murk	84
raffia	84
specie	84
ebony	84
primer	84
Oasis	84
daylight	84
scree	84
thwack	83
Chicago	83
rent	83
forearm	83
brilliance	83
oakum	83
rib	83
victory	83
sniff	83
copying	83
peatland	83
glassware	83
turkey	83
monkey	83
barn	82
vacuuming	82
couple	82
Lady	82
practice	82
belch	82
catchment	82
snort	82
being	82
yer	82
rye	81
hanging	81
Months	81
Lands	81
gash	81
hankie	81
take	81
knuckle	81
cereal	81
salad	81
osier	81
dance	81
pier	80
poppy	80
manner	80
dynamite	80
camping	80
heaviness	80
marinade	80
comfort	80
bubbling	80
NASA	80
traffic	80
Summers	79
smoothness	79
meadowlands	79
honey	79
bathtub	79
pledget	79
furniture	79
teabag	79
crown	79
underpainting	79
English	79
drink	79
reality	78
crab	78
hash	78
nightshirt	78
binder	78
hiking	78
clearing	78
toad	78
Clothes	78
scenario	78
past	78
underside	78
sowing	78
input	78
effluent	78
pampas	78
ticket	77
methanol	77
Oregon	77
opposition	77
colouring	77
terrier	77
lustre	77
tabletop	77
assembly	77
Air	77
Night	77
l	76
sap	76
bus	76
applicator	76
purpura	76
glide	76
coastland	76
serge	76
micro	76
shred	75
corduroy	75
appliance	75
lair	75
streaming	75
paramo	75
potassium	75
acreage	75
mind	75
cluster	75
Washington	75
Warm	75
roadbed	75
feafon	75
reception	75
wear	75
America	75
bloom	75
Atlantic	75
mare	75
lapping	75
screed	75
refining	75
trapping	75
chaos	75
put	75
burst	74
underthings	74
stampede	74
nettle	74
red	74
gurgling	74
armor	74
sintering	74
carbonate	74
musket	74
sensor	74
tablet	74
candy	74
grime	74
diving	74
plough	74
southwest	74
mitt	74
State	74
helmet	74
jelly	73
claim	73
confusion	73
mushroom	73
stillness	73
luggage	73
salmon	73
mahogany	73
quarry	73
grind	73
overhead	73
bat	73
get	73
investment	73
cookie	73
sausage	73
doth	73
wanderer	73
glimmer	73
riceland	73
peridotite	73
sailing	73
magma	73
patio	72
cocker	72
ethyl	72
setter	72
snuffling	72
rasp	72
lamination	72
bin	72
trek	72
habiliment	72
m	72
segment	72
task	72
harness	72
semen	72
sucket	72
a	72
teaspoon	72
westerly	72
orifice	71
topsoil	71
wiring	71
voyage	71
crunching	71
wonder	71
eaves	71
herring	71
sequence	71
splashing	71
destruction	71
nightdress	71
shampooing	71
ignition	71
store	71
left	71
Time	71
circuit	71
fast	71
arrival	71
sunshine	71
shimmer	71
bogland	71
filler	70
chaff	70
shop	70
brook	70
feedstock	70
resistance	70
bicycle	70
pottery	70
tendon	70
chuckle	70
willies	70
g	70
cot	70
suede	70
prick	69
won	69
elm	69
dishclout	69
casing	69
Paper	69
shopping	69
Gulf	69
sparkle	69
structure	69
inlet	69
carbolic	69
compartment	69
sheaf	69
thaw	69
butter	69
misty	69
polyester	69
cartilage	69
wait	69
suck	69
shrinkage	69
volgens	69
surprise	69
Cold	68
Process	68
fertilizer	68
avenue	68
verandah	68
microscope	68
k	68
masala	68
bole	68
bicarbonate	68
cypress	68
black	68
mopped	68
pasturage	68
lava	68
D	68
raft	68
windbreaker	68
pledgets	68
bite	68
humour	67
rank	67
grayness	67
whiting	67
filterpaper	67
navy	67
lignite	67
fortnight	67
train	67
beauty	67
catch	67
manufacturing	67
peatlands	67
breeding	67
plantain	67
haven	67
Spain	66
scissors	66
tuber	66
music	66
anorak	66
attitude	66
lagoon	66
aluminium	66
hedgerow	66
everybody	66
Gravel	66
roar	66
incineration	66
padding	66
Florida	66
void	66
anus	65
emptiness	65
carmine	65
entrails	65
poplar	65
stress	65
plywood	65
crude	65
draw	65
backpack	65
humidity	65
blow	65
tempest	65
mackerel	65
notebook	65
loincloth	65
hp	65
cambric	65
pancake	65
pickle	65
fomentation	65
flint	65
ivory	65
excrement	64
scarlet	64
redwood	64
kernel	64
intake	64
problem	64
sinner	64
husk	64
snowpack	64
anodization	64
Autumn	64
thunk	64
hoof	64
Levi	64
drunk	64
wharf	64
composition	64
clime	64
tomb	64
stare	64
poultry	64
pastureland	64
furze	64
glare	63
inzake	63
art	63
agar	63
document	63
smock	63
dusting	63
carriage	63
hut	63
incline	63
San	63
froth	63
Junes	63
chimney	63
sandbank	63
trowsers	63
adsorbent	63
humanity	63
disease	63
chrome	62
grease	62
nebulizer	62
narcissus	62
mint	62
draft	62
news	62
brief	62
female	62
merchandise	62
fluff	62
obscurity	62
cleansing	62
grade	62
sealant	62
dimension	62
thermocouple	62
gallon	62
melon	62
terra	62
shrimp	62
hydrocarbon	62
adventure	62
swath	62
parson	61
source	61
policeman	61
con	61
category	61
forceps	61
climb	61
faction	61
barren	61
Thing	61
Senator	61
Straw	61
teabags	61
forelock	61
Amazon	61
smacker	61
measurement	61
moth	60
churchyard	60
apparatus	60
inland	60
bull	60
creeper	60
handprints	60
leadership	60
shard	60
camera	60
topcoat	60
stability	60
wife	60
platter	60
family	60
proposition	60
pall	60
parcel	60
purse	60
swimmer	60
mixer	59
smoker	59
epithelium	59
footpath	59
sedimentary	59
snatch	59
cometh	59
impinger	59
wether	59
insect	59
indigo	59
raindrop	59
bibulous	59
eagle	59
gloved	59
determination	59
smoking	59
respiration	59
tungsten	59
gorse	59
camisole	59
rung	59
damp	59
phlegm	58
Carex	58
goo	58
r	58
obsidian	58
roughness	58
synthesis	58
tug	58
firework	58
fiberglass	58
porridge	58
subtropics	58
whale	58
balcony	58
trenchcoat	58
passion	58
stony	58
glisten	58
underlip	58
capacity	58
teak	58
wolf	58
railway	58
juniper	58
collie	57
dwarf	57
slurping	57
rockweed	57
wade	57
purple	57
co	57
bather	57
therewith	57
picking	57
combination	57
kaolin	57
principle	57
lightness	57
universe	57
parting	57
filtering	57
bromine	57
bum	57
scupper	56
tomato	56
garb	56
ember	56
loamy	56
barrier	56
boardwalk	56
counterpart	56
mink	56
cyanide	56
freight	56
eraser	56
training	56
squelch	56
excreta	56
pothole	56
survivor	56
grief	55
gelijke	55
scratch	55
Smith	55
mudflats	55
song	55
snail	55
Becky	55
Congressmen	55
bedroll	55
Sepharose	55
drag	55
serape	55
response	55
chloroform	55
plunge	54
tabling	54
coffin	54
Cloths	54
Seattle	54
india	54
aroma	54
fingerprint	54
characteristic	54
blackboard	54
ham	54
printer	54
graveyard	54
THF	54
washleather	54
kilt	54
alarm	54
sedimentation	54
minute	54
dredging	54
lipstick	54
den	53
sprinkle	53
adj	53
warp	53
mountainside	53
hairbrush	53
watercolour	53
Clout	53
wedge	53
jade	53
no	53
tendency	53
kleenex	53
throbbing	53
drinking	53
womanhood	53
northeast	53
laughter	52
coverall	52
truck	52
shoelace	52
popcorn	52
SINTERING	52
desolation	52
pH	52
fingernail	52
Governor	52
beat	52
pave	52
saltiness	52
son	52
loading	52
assaying	52
Fall	52
stopper	52
impact	52
crash	52
plane	52
mongrel	52
Monsoon	52
bowel	52
tumbler	52
flatlands	52
generation	52
und	52
lightning	52
towelling	52
groove	52
baseball	52
hurricane	52
pelisse	52
Texas	52
vet	52
clicking	52
Labrador	51
cage	51
battle	51
plopping	51
doublet	51
remnant	51
processor	51
Congress	51
Republican	51
confines	51
condom	51
pouch	51
platinum	51
cutoff	51
outfit	51
sapwood	51
tempera	51
pith	51
gush	51
spin	51
clitoris	51
Boston	51
mesophyll	51
undershorts	51
pound	51
foal	51
Franklin	50
fulminate	50
cockpit	50
claw	50
martyrdom	50
ethanol	50
Black	50
tatter	50
mosaic	50
yellow	50
anchor	50
Virginia	50
promenade	50
beneficiation	50
olive	50
erosion	50
picnic	50
flounder	50
seashore	50
interglacials	50
bathrobe	50
distance	50
fungus	50
sounding	50
snarl	49
peanut	49
wreckage	49
utensil	49
sailcloth	49
maw	49
ability	49
delivery	49
basketball	49
honeysuckle	49
onion	49
sauce	49
kimono	49
halo	49
badge	49
chute	49
monster	49
wrack	49
burial	49
foreshore	49
duff	49
name	49
neon	49
meeting	49
beforehand	49
permafrost	49
bee	49
tread	48
underwood	48
doorway	48
disarray	48
St	48
brother	48
foothill	48
willie	48
pumpkin	48
Mexicans	48
cowboy	48
kipper	48
flick	48
Eyes	48
postage	48
strawberry	48
corps	48
scramble	48
hummock	47
guest	47
jerkin	47
sewer	47
awning	47
clayey	47
youth	47
descent	47
sheepdog	47
detritus	47
lather	47
loaf	47
blister	47
crush	47
scurf	47
squeak	47
dome	47
devil	47
mosquito	47
mooring	47
wallet	47
perch	47
gulp	47
sponging	47
funeral	47
drizzling	47
minority	47
sphere	47
sitting	47
weapon	47
junk	46
corruption	46
nightclothes	46
thought	46
probe	46
caribou	46
promise	46
cove	46
jackal	46
banner	46
Good	46
secretion	46
bloomer	46
frost	46
ammonium	46
plait	46
vomit	46
diameter	46
opponent	46
raingear	46
leafage	46
Wales	46
grove	46
groan	46
slither	46
cone	46
echo	46
paraffin	46
everyone	46
rainbow	46
kisser	46
cattail	45
on	45
hallway	45
breakfast	45
lollipop	45
donkey	45
slog	45
raven	45
Portland	45
M	45
sputum	45
riverbank	45
tightness	45
duffel	45
crag	45
penetrates	45
wagon	45
ache	45
gallery	45
nozzle	45
mesquite	45
rattling	45
gentleman	45
rumble	45
thanks	45
oilcloth	45
father	45
squirrel	44
See	44
California	44
blubber	44
telephone	44
staircase	44
handbill	44
strike	44
do	44
slipperiness	44
sympathy	44
cornfield	44
peck	44
varies	44
wasteland	44
greyness	44
Derby	44
spine	44
bagging	44
musk	44
birth	44
organism	44
craft	44
hissing	44
tentacle	44
pea	43
martini	43
woodwork	43
travelling	43
rainy	43
golf	43
laud	43
fleck	43
travel	43
hotness	43
Use	43
manila	43
ti	43
phone	43
cream	43
hardness	43
quid	43
shire	43
elbow	43
turd	43
doggie	43
Sabbath	43
husband	43
shirtfront	43
agony	42
crescent	42
injures	42
wheeze	42
oven	42
squish	42
veranda	42
handprint	42
mutt	42
invitation	42
exhaling	42
paradise	42
wormwood	42
toy	42
hemlock	42
gangplank	42
supply	42
parasol	42
ripping	42
port	42
rage	42
starlight	42
cube	42
fishmonger	42
spiral	42
sniffle	42
ringer	42
jumper	42
y	42
spatter	42
boggy	42
traveller	41
scum	41
hall	41
clam	41
round	41
eyebrow	41
bathingsuit	41
glop	41
slat	41
tramline	41
Leander	41
thunder	41
writer	41
passageway	41
corncob	41
tragedy	41
winner	41
z	41
vision	41
intestine	41
owl	41
copse	41
condi	41
Arctic	41
pistol	41
hit	41
go	41
bet	41
floorcloth	41
yoke	40
reason	40
mainsail	40
Massachusetts	40
ashtray	40
plight	40
spurt	40
afore	40
pudding	40
east	40
action	40
singlet	40
stairway	40
button	40
swampland	40
swell	40
bootprints	40
