Farbe	39371
Fieber	21159
Fleck	15609
Licht	12778
Körper	11884
Färbung	10594
Stern	8005
Rasse	7636
Gefahr	7505
Zelle	6291
Leberatrophie	6272
Farbstoff	6201
Flecken	5673
Streifen	4808
Pigment	4648
Grund	4599
Gewerkschaft	4325
Sand	4133
Blatt	4081
Strahl	3979
Blume	3834
Rübe	3800
Flüssigkeit	3772
Niederschlag	3306
Blüte	3243
Linie	3210
Ton	3197
Phosphor	3177
Metall	3156
Glas	3155
Masse	3058
Band	2534
Fleckes	2488
Punkt	2488
Papier	2426
Feld	2387
Haar	2350
Blutlaugensalz	2303
Galle	2159
Lupine	2097
Rose	1868
Korn	1864
Karte	1793
Auge	1792
Seide	1774
Sandstein	1732
Eiter	1729
Knopf	1668
Ring	1649
Saum	1631
Haus	1602
Gewand	1574
Gesicht	1556
Rand	1543
Fläche	1531
Fahne	1529
Binde	1507
Wachs	1489
Körnchen	1472
Scheibe	1457
Erde	1446
Schein	1403
Pulver	1377
Kleid	1373
Lehm	1360
Kugel	1313
Substanz	1313
Hautfarbe	1307
Haut	1307
Zahn	1293
Kreis	1290
Organisation	1284
Flamme	1269
Lösung	1267
Frucht	1250
Stelle	1196
Fluss	1188
Erweichung	1134
Wasser	1111
Flagge	1110
Seite	1106
Weste	1102
Schicht	1069
Presse	1058
Tuch	1049
Blüthen	1027
Atrophie	1022
Knötchen	1016
Tuberkel	1000
Wagen	983
Mann	971
Meer	965
Verband	960
Mantel	940
Dotter	937
Stein	914
Verfärbung	907
Schuh	902
Heft	893
Same	888
Stoff	880
Ocker	865
Bewegung	859
Hut	854
Nadel	852
Zettel	848
Wand	838
Schnabel	813
Zone	808
Herd	805
Schale	804
Farbton	782
Zeichnung	779
Hose	768
Koalition	747
Teil	741
Post	724
Sonne	721
Verein	721
Flocke	714
Form	701
Vogel	700
Gesichtsfarbe	697
Schleim	689
Birne	687
Farbenton	678
Hintergrund	670
Judenstern	646
Armbinde	638
Knoten	636
Umschlag	634
Hund	633
Staub	629
Belag	627
Mensch	613
Flut	609
Strich	609
Aussehen	597
Marmor	592
Quadrat	590
Werkvereine	590
Spitze	584
Laub	577
Grundfarbe	576
Feder	573
Handschuh	571
Tropfen	562
Jacke	561
Gras	547
Serum	538
Bereich	536
Pfeil	536
Kristall	535
Zimmer	535
Sorte	534
Pünktchen	533
Erbse	529
Varietät	513
Stiefel	511
Schild	501
Thon	496
Ferment	495
Salbe	495
Rock	483
Kalk	482
Fett	481
Kreuz	481
Sack	481
Mauer	477
Kruste	471
Eiters	469
Volk	469
Natriumlinie	468
Wolke	467
Salz	465
Saft	463
Himmel	461
Klang	461
Leder	460
Partie	459
Mais	459
Fleckchen	449
Gold	447
Felsen	442
Schimmer	441
Buch	440
Dreieck	439
Faden	435
Mergel	434
Materie	419
Krystalle	417
Flügel	409
Arbeiterbewegung	406
Dotters	404
Beleuchtung	396
Arbeiter	395
Pigmentes	383
Lampe	379
Mark	373
Untergrund	371
Hemd	368
Mütze	366
Chromatophoren	365
Schatten	364
Theilen	360
Kalkstein	358
Abzeichen	358
Maus	358
Schleier	355
Galtes	354
Ziegel	353
Strahlung	352
Rauch	347
Kragen	346
Stuhl	343
Platte	341
Hand	338
Modifikation	336
Riese	328
Knochenmark	325
Arsenik	322
Boden	321
Rinde	320
Auto	317
Körperchen	317
Quecksilberoxyd	314
Internationale	312
Oel	310
Kügelchen	308
Teufel	307
Tuff	304
Dolomit	301
Anstrich	299
Ei	297
Granulationen	296
Schwefel	296
Bild	294
Schuppe	293
Mond	291
Bachstelze	291
Staphylokokkus	286
Inhalt	285
Seerose	284
Kolonie	284
Wurzel	283
Grenzpfahl	282
Fleisch	282
Pantoffel	282
Tier	282
Lichtstrahl	281
Figur	279
Backstein	277
Kopf	276
Ginster	276
Narzisse	274
Schrift	273
Bande	273
Aufschlag	272
Kaiser	271
Taxi	270
Gegenstand	269
Strom	267
Teint	267
Katze	265
Schnur	265
Balken	262
Finger	259
Stück	258
Vorhang	257
Natriumlicht	256
Iris	256
Lager	254
Reihe	253
Oxyd	253
Pigmentkörnchen	253
Saume	253
Wüste	252
Pollen	251
Trikot	249
Markierung	249
Davidstern	249
Haarbüschel	245
Regierung	245
Tafel	244
Längsstreifen	243
Kirche	242
Bein	242
Nebel	241
Strohhut	241
Ader	240
Schlamm	240
Holz	240
Rechteck	238
Blutlaugensalzes	237
Reflex	237
Rückstand	236
Gürtel	235
Theil	234
Tröpfchen	233
Tupf	231
Blättchen	230
Race	230
Einwanderung	229
T	229
Schwefelammonium	229
Art	229
Uniform	228
Kulturschicht	225
Pferd	224
Schlange	224
Neid	223
Taschenbuch	220
Schmetterling	219
Zeichen	216
Turban	215
Ferments	214
Lack	213
Apfel	212
Plakat	212
Fenster	212
Kerze	211
Urin	206
Fällung	205
Tinte	201
Metalles	201
Perle	200
Kutsche	199
Nuance	199
Bodensatz	199
Umgebung	198
Heliumlinie	197
Wein	197
Kranz	194
Strumpf	194
Bluse	194
Streif	191
Behaarung	188
Helm	188
Welt	184
Fluoreszenz	184
Krystallen	182
Schaum	182
Kaste	181
Doppellinie	180
Ball	180
Kern	180
Farbentöne	178
Verbindung	178
Pigmentzellen	177
Buchstabe	176
Verzierung	175
Regierungsjahr	175
Lette	173
Anflug	173
Affe	173
Tapete	173
Trübung	172
Ausfluss	171
Pflanze	171
Hof	169
Tönung	168
Sediment	167
Hepatisation	165
Löwe	164
Kornfeld	164
Gebäude	163
Brei	162
Klinker	162
Tulpe	162
Lappe	161
Wolle	159
Ding	158
Rahmen	158
Scholle	157
Bauchhaut	157
Kreide	157
Broschüre	156
Kies	156
Schärpe	156
Natriumlinien	155
Theile	155
Butter	154
Glasur	153
Lilie	153
Leuchte	153
Banner	153
Fell	153
Pullover	151
Einfassung	151
Antheren	150
Kleidung	150
Infiltration	149
Brühe	148
Membran	148
na	147
Decke	147
Elend	147
Öl	147
Dampf	147
Viereck	146
Blümchen	145
Borke	145
Harz	145
Mitte	144
Sarcine	143
Karton	141
Pflaume	141
Bogen	141
Kuh	141
Pest	140
Arbeiterverein	140
Säule	139
Margerite	137
Bundesregierung	137
Salon	136
Arbeit	135
Einlagerung	135
Drache	135
Postkutsche	134
Werkvereinen	134
Krone	134
Saal	133
Bart	132
Welle	132
Dotterkugel	131
Bohne	131
Beinkleid	131
Fuß	129
Drüse	128
Bauch	125
Faser	125
Centrum	125
Seidenfäden	124
Atlas	124
Leber	123
Kopftuch	123
Blinklicht	123
Gewebe	123
Mergeln	122
Anzug	122
Kupfer	122
Wachses	122
Gestein	121
Granula	121
Indianer	120
Tonne	119
Bleioxyd	119
Exsudat	118
Nasse	118
Dolomite	115
Gestalt	113
Hautfärbung	113
Schal	113
Element	112
Lymphe	111
Ansehen	110
Sanden	110
Feuer	110
Hügel	110
Büschel	108
Straße	108
Staubfäden	107
Blitz	107
Tiber	107
Glanz	107
Futter	106
Tuberkels	105
Sekret	105
Staubwolke	105
Stich	104
Teppich	104
Atmungsferment	103
Blüthe	103
Fetttropfen	103
Vorhängen	103
Liste	102
Kuvert	102
Bindegewebe	102
Schwertlilie	101
Fettmark	101
Schleife	100
Hülle	100
Messing	98
Krawatte	97
Knorpel	97
Vaseline	97
Nachbild	96
Bemalung	95
Stroh	95
Gewerkschaftsbewegung	95
Paprika	95
Fetzen	95
Gewerkvereine	95
Laterne	94
Milch	93
Atmungsfermentes	93
Colorit	93
Raute	91
Körperfarbe	91
Sessel	91
Borste	91
Untergrunde	90
Oberfläche	90
Chrysantheme	89
Eigenfarbe	89
Woge	89
Galts	89
über	89
Düne	88
Zwerg	88
Farbestoff	87
Lederhose	87
Löwenzahn	87
Brille	86
Junge	86
Nachkomme	86
Begleiter	86
Grundton	86
Beere	85
Stulpe	85
Wange	84
Klebezettel	83
Auswurf	83
Kalken	83
Ampel	83
Butterblume	82
Seitenflecken	82
Primel	82
Alge	81
Colonien	81
Blutlaugensalze	81
Heerde	80
Damast	80
Einband	80
Erweichungsherd	80
Dolomiten	79
Ameise	79
Wind	79
Ölfarbe	78
Komponente	78
Phase	78
Frankenvieh	78
Pigmentirung	78
Ähre	77
Wüstensand	77
Ebene	77
Spore	77
Borte	77
Tuberkelmasse	76
Schwefelarsen	75
Ziegelstein	75
Ueberzug	75
See	75
Honig	74
Schirm	74
Edelmetall	74
Fluthen	74
Nanking	74
Engel	73
Blumenblatt	73
Insel	73
Zunge	73
Nachtigall	73
Mestize	72
Winkel	72
Kachel	72
Nagel	72
VW	72
Mehrheit	71
Einsprengungen	71
Klumpen	71
Präcipitatsalbe	71
Querstreifen	71
Gruppe	71
Franse	71
Stube	70
Flechte	70
Asiate	70
Enzian	70
Letter	70
Hg	70
Robe	70
Pigmentierung	70
Blende	70
Quecksilberlinien	69
Tabak	69
Kurve	69
Teilchen	69
Führer	69
Fähnchen	69
Basis	68
Bruder	68
Pigmentkörner	68
Nimbus	68
Arbeiterorganisation	68
Davidsstern	68
Strand	68
Frage	67
Bläschen	67
Chinese	67
Bronze	67
Querbinde	67
Eckendorfer	67
Oeltropfen	66
Stoppel	66
Pigmentkörnern	66
Abendhimmel	66
Socke	65
Häuschen	65
Glasscheibe	65
Riesensegeln	65
Blut	65
Unterseeboot	65
Ausrufezeichen	64
Diamant	64
Würfel	64
Sitzungszimmer	64
Bändchen	63
Blase	63
Beschlag	62
Schorf	62
Feuchtigkeit	62
Fluorescenz	62
Prisma	62
Streisen	62
Scheibchen	62
Gebilde	61
Vaselin	61
Auflösung	61
Unterlage	61
Muster	61
Kopfbedeckung	61
Bleistift	61
Schleims	60
Natriumflamme	60
Frau	60
Spektralbereich	60
Gefäß	60
Regen	59
Regenmantel	59
Logarithmus	59
Männchen	59
Koffer	59
Plaques	59
Zitrone	58
Postwagen	58
Schleimes	58
Sumpf	58
Dunst	58
Ulan	58
Sonnenlicht	57
Bündnis	57
Erscheinung	56
Mappe	56
Hirnerweichung	56
Front	55
Hintergrunde	55
Tasche	55
Zucker	54
Schloss	54
Gas	54
Dogge	54
Auflagerung	54
Raum	54
Glocke	54
Sammet	53
Sanddüne	53
Papierstreifen	53
Blütenstaub	53
Harn	53
Regiment	53
Aufkleber	53
Weizenfeld	53
Fleckung	52
Farbentönen	52
Sonnenschirm	52
Lehmboden	52
Filtrat	52
ge	52
Horde	52
Krankheit	52
Stadt	52
Fliese	51
Rücken	51
Dolden	51
Bass	51
Auflagerungen	51
Reiter	51
Veilchen	51
Kissen	51
Löss	50
Beleg	50
Winterling	50
Kartoffel	50
Filter	50
Schorfen	50
Blütenfarbe	50
Exsudate	50
Bienenwachs	50
Metallglanz	50
Verbündete	49
Gewerkschaftsverband	49
Bevölkerung	49
Hauch	49
Teichrose	49
Einwanderer	48
Gardine	48
Quarantäneflagge	48
Seife	48
Qualm	47
Briefumschlag	47
Rad	47
Nation	47
Wachskerze	47
Funken	47
Brust	47
Halm	47
Kanarienvogel	46
Lichtschein	46
Schüppchen	46
Exemplar	46
Gefieder	46
Schädel	46
Überzug	46
Steppe	46
Unterseite	46
Gewässer	46
Kästchen	46
Wurm	45
Häutchen	45
Stift	45
Schlüsselblume	45
ölen	45
Blech	45
Kokarde	45
Schmetterlingsblüten	45
D	45
Natriumlichtes	45
Ware	45
Gebiet	44
Blütenblatt	44
Sonnenblume	44
Stiefmütterchen	44
Geschwulst	44
Metallknöpfen	44
Traube	44
Ocher	44
Banane	43
Zeug	43
Verblendsteinen	43
Litze	43
Topas	43
Fassade	42
Mittelstreifen	42
Flanell	42
Rapsfeld	42
Sandboden	42
Pappe	42
Ockers	41
Beschaffenheit	41
Horizont	41
Hälfte	40
Goldfarbe	40
