Weg	8718
Boden	7136
Witterung	7018
Wetter	6615
Jahr	4476
Tuch	4448
Kleid	3344
Fuß	3151
Auge	2857
Wiese	2679
Sommer	2381
Jahreszeit	2222
Sand	2191
Haar	2120
Element	2096
Stelle	2094
Graben	1759
Gras	1709
Zustand	1666
Erde	1553
Hand	1516
Regierung	1481
Schwamm	1407
Schnee	1389
Verfahren	1361
Holz	1315
Aufbereitung	1263
Lappe	1251
Straße	1155
Platte	1150
Deposition	1090
Standort	1022
Wäsche	958
Finger	928
Sack	875
Handtuch	864
Kleidung	799
Sache	780
Kälte	709
Papier	705
Grab	704
Tag	699
Zeit	695
Schuh	635
Asphalt	631
Minister	627
Dreieck	620
Lehm	607
Grenze	600
Fahrbahn	581
Fläche	540
Hose	534
Umschlag	530
Fleck	522
Leintuch	510
Faden	507
Grund	491
Winter	485
Haut	482
Blatt	473
Windel	468
Laub	458
Stein	454
Kollodiumverfahren	449
Iahreszeit	448
Herbst	445
Luft	442
Stroh	438
Gebiet	437
Wand	435
Dampf	433
Gesicht	417
Land	408
Truppe	408
Lake	405
Farbe	399
Schnitzel	385
Mantel	380
Watte	376
Decke	372
Hund	366
Periode	362
Zeug	356
Altertumskunde	352
Oberfläche	341
Feld	337
Thermometer	329
Gewand	328
Jahrgang	321
Pinsel	319
Kalk	313
Nebel	303
Verfassung	303
Bevollmächtigte	299
Abreibung	290
Leinwand	287
Strumpf	285
Fetzen	277
Raum	277
Ort	274
Moos	273
Fäule	273
Körper	265
Klamotte	264
Flecken	262
Fell	260
Graf	260
Frühjahr	259
Iahren	257
Schlamm	256
Monat	254
Hemd	253
Felsen	247
Tod	238
Ton	235
Blick	231
Stiefel	231
Geschichte	230
Pflaster	223
Reinigung	221
Weide	219
Verordnung	217
Einwickelungen	215
Verbrennung	212
Haus	211
Einpackungen	210
Untergrund	208
Kollodiumplatten	206
Torf	204
Klima	199
Wind	189
Filtrierpapier	188
Fürst	185
Seite	182
Schwamme	182
Stirn	179
Wange	174
Waschlappen	174
Leder	173
Gasmesser	170
Wolle	169
Compresse	167
Keller	166
Compressen	165
Gesetz	163
Fliesspapier	163
Socke	163
Stoff	160
Futter	160
Lage	160
Nacht	158
Kollodiumplatte	155
Stück	152
Methode	151
Schnur	151
Schicht	150
Verein	148
Thon	148
Spur	147
Niederung	147
Dienst	144
Kleidungsstück	143
Filter	140
Arbeit	140
Alterthumskunde	137
Kollodiumverfahrens	136
Brigade	135
Reisfeld	135
Fließpapier	133
Landesregierung	132
Heimat	131
Gasuhren	130
Kreis	130
Landstand	129
Staatsminister	123
Kirche	121
Kohle	118
Heu	118
Flocke	117
Streifen	117
Binde	115
Lippe	113
Pappe	113
Kollodium	113
Bild	111
Taschentuch	111
Pulver	110
Löschpapier	110
Rasen	110
Zweig	109
Sägespan	109
Pudel	107
Regierungspräsident	106
Erdreich	106
Elementes	105
Kopf	103
Staatsdienst	103
Einwicklungen	102
Wald	102
Brot	102
Einpackung	99
Gegend	98
Verhältnis	97
Präsident	96
Fürstenhaus	95
Liberale	94
Behandlung	93
Ägypten	92
Baumwolle	91
Linie	91
Landeskirche	90
Badeanzug	89
Baum	88
Gut	88
Strähne	86
Politik	86
Mauer	86
Bett	85
Amt	84
Territorium	84
Besitzungen	82
Schwammes	82
Lump	82
Beton	81
Aufwischen	80
Bedingung	80
Staatsministerium	79
Erdboden	78
Gesandten	78
Stand	77
Putz	77
Jacke	76
Gemeinde	76
Mörtel	75
Rücken	75
Probe	75
Gesandte	75
Ständeversammlung	73
Gasmessern	73
Frühjahren	72
Zehnte	72
Abgeordnete	71
Fußboden	71
Wolke	71
Soldat	71
Umgebung	70
Landtag	70
Bevölkerung	69
Flanke	67
Katze	67
Fürstentum	67
nacht	67
Wattebausch	67
Acker	66
Beamter	65
Eisenindustrie	64
Schirm	64
Veraschung	63
Kammer	63
Volk	63
Batterie	61
Bogen	60
Edikt	59
Badehose	59
Filterpapier	58
Kirchenpräsident	58
Niederschlag	57
Moor	57
Lager	57
Filtrirpapier	57
Material	56
Platz	55
Rock	55
Gasuhr	54
Zunge	54
Gemeindeordnung	54
Waldboden	53
Mund	52
Ware	52
Prägung	52
Dreck	51
Schleier	51
Lehmboden	51
Frühling	51
Masse	51
Staatsrat	50
Strecke	50
Theile	50
Landesteil	50
Flügel	50
Grube	50
Sägemehl	49
Herbsten	47
Hof	47
Hut	47
Uniform	46
Aug	46
Mai	46
Pfote	46
Fliese	46
Biwak	45
Regenmantel	45
Untergrunde	45
Gelände	44
Läppchen	44
Schützengraben	44
Nase	44
Garten	44
Brei	44
Kies	43
Bodenarten	43
Einfluss	43
Jammer	42
Schneeflocke	42
Gesetzgebung	42
Scheibe	42
Leib	42
